{"epoch": 49, "train_loss": [14985.0341796875, 0.962035596370697, 14887.3974609375, 0.9457749128341675, 14940.87890625, 15300.6474609375, 14314.771484375, 14426.8466796875, 14824.5595703125, 14968.927734375, 0.9373084902763367, 14671.6044921875, 0.9649633169174194, 0.991128146648407, 14937.5654296875, 15035.9287109375, 14339.248046875, 15135.1748046875], "val_loss": 0.738642692565918, "test_loss": 0.673963189125061, "_timestamp": 1751405245.0864015, "_runtime": 185.71707439422607, "_step": 99, "_wandb": {"runtime": 185}}