{"epoch": 30, "train_loss": [6866.654296875, 7506.4482421875, 7300.38427734375, 7139.294921875, 0.9619156718254089, 6584.685546875, 7368.064453125, 0.9520111680030823, 6689.7197265625, 7508.0576171875, 0.9354128837585449, 7474.8681640625, 0.9338493943214417, 7344.94921875, 7300.27294921875, 7230.478515625, 7289.5029296875, 7441.28369140625, 0.9529364109039307, 0.9703108072280884, 7207.49365234375, 0.85973060131073, 0.9356465339660645, 7104.10498046875, 6983.8955078125, 0.9424706101417542, 7206.88720703125, 7307.82568359375, 7305.8095703125, 6771.87353515625, 0.951196014881134, 7318.8994140625, 0.9555405378341675, 7445.05517578125, 6940.25048828125, 0.9445576667785645], "val_loss": 0.7341790199279785, "test_loss": 0.6701042056083679, "_timestamp": 1751419304.752965, "_runtime": 199.10031008720398, "_step": 72, "_wandb": {"runtime": 197}}