{"epoch": 43, "train_loss": [16020.2294921875, 16384.80859375, 16499.271484375, 16537.89453125, 16521.5625, 15929.87890625, 16198.7353515625, 16587.220703125, 1.05233895778656, 1.0926722288131714, 1.083232045173645, 16239.1279296875, 16737.26953125, 1.027206301689148, 15809.4248046875, 1.0709911584854126, 16094.384765625, 16269.1494140625], "val_loss": 0.7711839079856873, "test_loss": 0.7096394300460815, "_timestamp": 1751363840.349817, "_runtime": 65.56840896606445, "_step": 93, "_wandb": {"runtime": 64}}