{"epoch": 38, "train_loss": [7657.2900390625, 7507.45458984375, 0.9441719651222229, 7466.1689453125, 7487.99609375, 7416.69091796875, 7329.63623046875, 7463.021484375, 7505.71728515625, 0.9636408686637878, 7446.6806640625, 7384.37841796875, 6984.57861328125, 7447.46240234375, 0.9472728967666626, 7592.74365234375, 7624.20361328125, 0.9703764915466309, 7517.55224609375, 7515.59814453125, 6770.9658203125, 6843.33154296875, 7411.93896484375, 7303.18115234375, 7036.20849609375, 0.9804574847221375, 0.9228224158287048, 7443.09765625, 7529.65576171875, 7654.57470703125, 7730.9482421875, 0.9661813974380493, 7034.50146484375, 7471.20703125, 0.890720784664154, 7578.32177734375], "val_loss": 0.7383711934089661, "test_loss": 0.6740026473999023, "_timestamp": 1751389681.1209002, "_runtime": 144.01392316818237, "_step": 48, "_wandb": {"runtime": 144}}