{"epoch": 37, "train_loss": [14349.353515625, 0.9443052411079407, 12905.69921875, 0.917716920375824, 0.9368492960929871, 13999.2333984375, 13597.7265625, 13886.4716796875, 13639.302734375, 14113.529296875, 14112.7822265625, 0.9253497123718262, 14109.2822265625, 13405.3115234375, 14074.869140625, 14050.3193359375, 13655.0458984375, 14250.9619140625], "val_loss": 0.7318207025527954, "test_loss": 0.6656201481819153, "_timestamp": 1751397224.0643365, "_runtime": 166.06829857826233, "_step": 87, "_wandb": {"runtime": 165}}