{"epoch": 42, "train_loss": [15572.43359375, 15546.55078125, 14966.607421875, 1.012130856513977, 15573.703125, 15533.0927734375, 14983.2060546875, 15123.6181640625, 15188.080078125, 15544.6845703125, 14713.03125, 15048.1826171875, 15250.576171875, 15269.2939453125, 1.023630142211914, 1.001868724822998, 14807.9521484375, 15711.1484375], "val_loss": 0.7497483491897583, "test_loss": 0.6861661672592163, "_timestamp": 1751403724.1402044, "_runtime": 154.55978751182556, "_step": 85, "_wandb": {"runtime": 154}}