{"epoch": 6, "train_loss": [1.0350887775421143, 14816.8544921875, 1.0030165910720825, 15549.76953125, 15522.818359375, 15650.6904296875, 0.9940096735954285, 1.0209500789642334, 15099.8818359375, 0.9808759689331055, 15807.55078125, 1.0174123048782349, 14333.951171875, 1.0044859647750854, 0.9852848052978516, 1.021253228187561, 15313.2919921875, 0.972684383392334], "val_loss": 0.7538101077079773, "test_loss": 0.6905655264854431, "_timestamp": 1751378354.5594635, "_runtime": 65.75968742370605, "_step": 33, "_wandb": {"runtime": 65}}