{"epoch": 32, "train_loss": [7731.8935546875, 7671.7978515625, 1.0185495615005493, 0.9823207855224609, 1.0073723793029785, 6974.7822265625, 7668.65478515625, 7572.107421875, 7800.828125, 0.9950678944587708, 7650.5126953125, 7313.45654296875, 0.9462936520576477, 1.0165092945098877, 0.9548366665840149, 7119.90869140625, 1.0264643430709839, 7725.99658203125, 7610.82861328125, 1.0024330615997314, 0.9999541640281677, 7588.71435546875, 7565.69970703125, 7666.173828125, 7864.4482421875, 7020.083984375, 1.0298805236816406, 7461.65380859375, 6980.71240234375, 7594.0009765625, 1.0293464660644531, 0.9816206693649292, 0.9954718947410583, 7524.90380859375, 7750.56201171875, 7673.59130859375], "val_loss": 0.7475094199180603, "test_loss": 0.6830518245697021, "_timestamp": 1751413170.2868197, "_runtime": 283.3211667537689, "_step": 82, "_wandb": {"runtime": 283}}