{"epoch": 14, "train_loss": [1.0069115161895752, 7992.7861328125, 7678.33251953125, 0.9888100624084473, 7650.13427734375, 0.9767157435417175, 7157.03125, 1.0240687131881714, 7849.53515625, 7635.525390625, 1.0258091688156128, 1.0060725212097168, 7591.1083984375, 7738.8935546875, 7749.72314453125, 0.9512801766395569, 7665.2587890625, 1.0258383750915527, 1.016907811164856, 1.0074265003204346, 1.0087212324142456, 1.0549054145812988, 7151.95849609375, 7767.0634765625, 0.951078474521637, 7827.59765625, 1.0176703929901123, 1.0054749250411987, 7741.9111328125, 1.0456173419952393, 7664.8876953125, 7053.27294921875, 7145.275390625, 7366.1279296875, 8007.23828125, 7642.5478515625], "val_loss": 0.7539051175117493, "test_loss": 0.6896839737892151, "_timestamp": 1751364532.5040643, "_runtime": 120.37790036201477, "_step": 58, "_wandb": {"runtime": 120}}