{"epoch": 35, "train_loss": [14026.796875, 14542.1689453125, 14654.951171875, 0.9465866088867188, 14533.0546875, 0.9588345885276794, 14812.861328125, 14311.0712890625, 14568.130859375, 0.9418591856956482, 13742.1484375, 13935.22265625, 0.9295352697372437, 0.9171499609947205, 14839.2314453125, 15054.3935546875, 14800.4755859375, 14974.8564453125], "val_loss": 0.736888587474823, "test_loss": 0.6709949374198914, "_timestamp": 1751407726.0621767, "_runtime": 119.96703267097473, "_step": 59, "_wandb": {"runtime": 119}}