{"epoch": 1, "train_loss": 1.0912392858801216, "val_loss": 3.6992099285125732, "test_loss": 3.387270927429199, "_timestamp": 1751360684.3036752, "_runtime": 29.8834490776062, "_step": 1}