{"epoch": 24, "train_loss": [15004.4755859375, 14484.607421875, 14679.396484375, 0.9426500797271729, 14797.7978515625, 15111.9921875, 14919.49609375, 0.9841779470443726, 14840.0283203125, 0.9140165448188782, 14278.08203125, 14257.1494140625, 14749.1826171875, 0.977024495601654, 15134.33203125, 0.9832746386528015, 14232.8515625, 0.9695062041282654], "val_loss": 0.7469675540924072, "test_loss": 0.6816622614860535, "_timestamp": 1751393712.1233842, "_runtime": 69.50773620605469, "_step": 42, "_wandb": {"runtime": 69}}