{"epoch": 20, "train_loss": [1.0105587244033813, 15990.2958984375, 15801.4501953125, 0.9726284146308899, 16229.8310546875, 1.0117244720458984, 15142.404296875, 1.0116770267486572, 1.0125148296356201, 15940.87890625, 15441.9921875, 15599.826171875, 14875.6474609375, 15562.5224609375, 14975.7880859375, 16041.0849609375, 15649.7822265625, 15300.3505859375], "val_loss": 0.7547146081924438, "test_loss": 0.6905680894851685, "_timestamp": 1751372860.4292243, "_runtime": 136.00051522254944, "_step": 70, "_wandb": {"runtime": 136}}