{"epoch": 45, "train_loss": [14707.626953125, 14091.50390625, 14657.4658203125, 0.9528341293334961, 14499.0859375, 0.9347525238990784, 13919.515625, 14907.13671875, 14742.0234375, 14791.861328125, 13546.615234375, 13971.6328125, 14264.8857421875, 0.9726909399032593, 0.9729402661323547, 14412.4755859375, 14599.8876953125, 14643.81640625], "val_loss": 0.7388178706169128, "test_loss": 0.6736059784889221, "_timestamp": 1751418417.1676462, "_runtime": 185.57938408851624, "_step": 95, "_wandb": {"runtime": 185}}