{"epoch": 25, "train_loss": [14698.3876953125, 0.9086543321609497, 0.913676917552948, 13844.30078125, 0.950829029083252, 0.9356827139854431, 0.9651998281478882, 14296.8984375, 14886.8076171875, 0.9287732243537903, 14664.296875, 14642.3046875, 0.924130380153656, 0.90064537525177, 0.9476974010467529, 14509.140625, 14716.6220703125, 14386.732421875], "val_loss": 0.7391039729118347, "test_loss": 0.6708452105522156, "_timestamp": 1751401856.746046, "_runtime": 155.31345510482788, "_step": 75, "_wandb": {"runtime": 155}}