{"epoch": 40, "train_loss": [7629.82958984375, 7206.65966796875, 7371.0458984375, 7475.4404296875, 1.004786729812622, 0.8932466506958008, 0.9757413864135742, 7747.568359375, 7371.537109375, 7155.9501953125, 7613.31005859375, 0.955801784992218, 1.019922137260437, 7529.9267578125, 0.9778530597686768, 7534.5615234375, 0.9802451133728027, 7655.9921875, 7433.1728515625, 7851.90625, 6855.2568359375, 7559.009765625, 7530.9189453125, 0.9448033571243286, 0.9922149181365967, 0.9852550625801086, 7593.5791015625, 0.9798181056976318, 7663.9951171875, 7574.244140625, 0.9061174988746643, 7821.6943359375, 7008.64794921875, 7569.0107421875, 7597.5390625, 7528.4833984375], "val_loss": 0.7426443099975586, "test_loss": 0.6776666045188904, "_timestamp": 1751398817.202566, "_runtime": 273.99387383461, "_step": 80, "_wandb": {"runtime": 274}}