{"epoch": 27, "train_loss": [7036.00927734375, 7009.31982421875, 0.8229924440383911, 6959.32275390625, 0.9227566123008728, 0.8991994857788086, 0.8371819853782654, 0.9103936553001404, 0.9258573651313782, 7069.35498046875, 7002.27392578125, 6979.06201171875, 7102.5185546875, 7086.0458984375, 6481.19775390625, 7094.70849609375, 7031.7294921875, 6937.48583984375, 0.9505844712257385, 6368.26708984375, 6805.6298828125, 6904.50927734375, 0.8971008658409119, 0.9071876406669617, 0.92640221118927, 0.9232590794563293, 6920.85791015625, 6541.69189453125, 7125.47509765625, 6611.140625, 7079.15283203125, 6733.07958984375, 6953.6064453125, 6731.52490234375, 7006.0029296875, 0.8995624780654907], "val_loss": 0.7364298105239868, "test_loss": 0.6683835387229919, "_timestamp": 1751369046.847758, "_runtime": 159.1919400691986, "_step": 53, "_wandb": {"runtime": 159}}