{"epoch": 45, "train_loss": [0.9916831851005554, 30873.771484375, 31041.439453125, 30116.1640625, 1.00205659866333, 0.9972498416900635, 0.9906049966812134, 29243.62890625, 30316.0859375], "val_loss": 0.7497627139091492, "test_loss": 0.6910746097564697, "_timestamp": 1751392025.8151348, "_runtime": 86.77837681770325, "_step": 86, "_wandb": {"runtime": 86}}