{"epoch": 25, "train_loss": [7371.70458984375, 0.8793860673904419, 7486.47607421875, 7521.451171875, 7481.20166015625, 7589.72412109375, 0.9704583287239075, 7537.6953125, 7457.74658203125, 7402.9892578125, 7676.23193359375, 7509.76953125, 7435.84814453125, 0.933980405330658, 7426.53076171875, 0.8833147883415222, 7135.38671875, 0.9638989567756653, 0.976992130279541, 7502.44677734375, 7478.63232421875, 7062.3994140625, 7379.5419921875, 7595.6669921875, 7166.94580078125, 7413.236328125, 7450.6279296875, 7311.02880859375, 7466.02001953125, 0.9913804531097412, 6954.08154296875, 7521.0693359375, 6924.908203125, 7733.86083984375, 0.9500887393951416, 7598.46435546875], "val_loss": 0.7416776418685913, "test_loss": 0.6755910515785217, "_timestamp": 1751416208.306068, "_runtime": 174.23452186584473, "_step": 46, "_wandb": {"runtime": 175}}