{"epoch": 49, "train_loss": [1.1105214357376099, 34220.859375, 1.150005578994751, 35104.67578125, 1.1428946256637573, 35000.98828125, 34735.59375, 35055.32421875, 35459.0859375], "val_loss": 0.7763632535934448, "test_loss": 0.7207748889923096, "_timestamp": 1751365020.8990161, "_runtime": 61.905391216278076, "_step": 99, "_wandb": {"runtime": 61}}