{"epoch": 36, "train_loss": [0.9233337640762329, 0.8443918824195862, 6967.982421875, 7198.0771484375, 7221.44140625, 7324.1611328125, 7122.462890625, 7088.2529296875, 6409.357421875, 0.9172802567481995, 7132.29248046875, 6785.73779296875, 0.921771228313446, 7162.3720703125, 7012.65234375, 7177.33154296875, 6588.36181640625, 0.9133083820343018, 6486.591796875, 7082.12841796875, 7070.05712890625, 6867.275390625, 7106.31787109375, 7270.64501953125, 6672.70263671875, 0.9297038316726685, 7263.224609375, 7220.43017578125, 7107.98681640625, 6779.40576171875, 0.927172064781189, 7210.15771484375, 7152.44775390625, 0.9496063590049744, 7066.22509765625, 7156.26904296875], "val_loss": 0.7329722046852112, "test_loss": 0.6675963401794434, "_timestamp": 1751399765.9377437, "_runtime": 264.1521055698395, "_step": 74, "_wandb": {"runtime": 264}}