{"epoch": 37, "train_loss": [14661.4052734375, 0.970543622970581, 13288.6962890625, 0.9401065111160278, 0.9625253081321716, 14373.7109375, 13984.8828125, 14216.3916015625, 14020.740234375, 14533.099609375, 14523.48828125, 0.9514344930648804, 14459.8681640625, 13771.4931640625, 14554.12109375, 14355.125, 13974.8310546875, 14594.8447265625], "val_loss": 0.7340767979621887, "test_loss": 0.66818767786026, "_timestamp": 1751418893.643688, "_runtime": 176.03934597969055, "_step": 87, "_wandb": {"runtime": 175}}