{"epoch": 12, "train_loss": [0.9473376870155334, 14504.4970703125, 14468.255859375, 14190.8583984375, 0.9441433548927307, 14531.7880859375, 14390.25, 0.8934080600738525, 0.934396505355835, 13942.212890625, 0.8654755353927612, 14328.947265625, 0.9624637961387634, 14573.3896484375, 14481.984375, 0.9676567316055298, 14175.267578125, 14006.9638671875], "val_loss": 0.7429322004318237, "test_loss": 0.6778503060340881, "_timestamp": 1751384295.1436932, "_runtime": 71.60767912864685, "_step": 33, "_wandb": {"runtime": 71}}