{"epoch": 39, "train_loss": [15283.212890625, 14011.4501953125, 14790.3984375, 0.9159722924232483, 15015.208984375, 14504.3671875, 0.9777565598487854, 14394.0673828125, 14788.1044921875, 15018.455078125, 15002.33984375, 14942.3291015625, 14845.544921875, 14837.6796875, 14439.248046875, 0.937996506690979, 14383.3994140625, 0.9663130044937134], "val_loss": 0.7372404336929321, "test_loss": 0.6726923584938049, "_timestamp": 1751391676.2001722, "_runtime": 141.2599172592163, "_step": 89, "_wandb": {"runtime": 140}}