{"epoch": 36, "train_loss": [6614.046875, 7359.98583984375, 7119.2919921875, 7131.712890625, 0.9513309597969055, 7349.5361328125, 7263.013671875, 7457.9189453125, 0.9018809199333191, 7185.3076171875, 6977.39892578125, 7347.9228515625, 6610.75537109375, 7433.64208984375, 0.9573307037353516, 7318.2421875, 7154.9814453125, 7288.84375, 6694.56689453125, 7358.2958984375, 0.9735327363014221, 7536.7158203125, 7283.58544921875, 7332.8671875, 7452.55810546875, 0.9444130063056946, 7489.59765625, 7486.75, 6731.96044921875, 7264.6171875, 7334.060546875, 0.9080610871315002, 0.9692091941833496, 0.9455631375312805, 7444.095703125, 0.9965229034423828], "val_loss": 0.7357592582702637, "test_loss": 0.6701173782348633, "_timestamp": 1751410882.479124, "_runtime": 305.11674213409424, "_step": 86, "_wandb": {"runtime": 305}}