{"epoch": 48, "train_loss": [14350.72265625, 14407.8994140625, 0.9931973814964294, 14670.7060546875, 14855.724609375, 0.9194157719612122, 14469.98828125, 14858.0400390625, 14766.025390625, 15045.984375, 14933.1201171875, 14260.48046875, 15128.537109375, 1.0072859525680542, 0.9738429188728333, 14434.8369140625, 14790.412109375, 14844.357421875], "val_loss": 0.7402369976043701, "test_loss": 0.6745803952217102, "_timestamp": 1751395128.6226614, "_runtime": 193.18913340568542, "_step": 98, "_wandb": {"runtime": 193}}