{"epoch": 16, "train_loss": [14807.361328125, 14762.26953125, 15325.3486328125, 14951.7294921875, 15030.0107421875, 15776.1396484375, 15445.845703125, 0.9840664267539978, 15245.4541015625, 1.006408452987671, 15544.8046875, 14874.14453125, 1.0174355506896973, 15208.201171875, 15590.259765625, 15282.353515625, 1.0012661218643188, 15080.8388671875], "val_loss": 0.7546501159667969, "test_loss": 0.6903097629547119, "_timestamp": 1751372697.4024954, "_runtime": 114.6814193725586, "_step": 66, "_wandb": {"runtime": 114}}