{"epoch": 12, "train_loss": [81770.09375, 92517.796875, 77267.2734375, 0.9428441524505615, 0.8466638922691345, 83877.953125, 0.830005943775177, 83692.90625, 95126.53125, 86234.3046875, 91949.9765625, 0.8964943289756775, 1.0888992547988892, 77989.15625], "val_loss": 3.567845106124878, "test_loss": 3.291346788406372, "_timestamp": 1751361443.0356622, "_runtime": 82.53288722038269, "_step": 25, "_wandb": {"runtime": 82}}