{"epoch": 23, "train_loss": [7730.1806640625, 1.0644503831863403, 7586.35205078125, 1.0069475173950195, 7609.267578125, 1.0121456384658813, 1.042689323425293, 7679.47998046875, 7745.859375, 7185.859375, 7584.9111328125, 7791.83203125, 7723.48681640625, 0.9708085656166077, 7341.6533203125, 7570.029296875, 7602.9873046875, 7585.357421875, 7564.05224609375, 7206.77099609375, 0.9985352754592896, 1.0138322114944458, 7878.11962890625, 1.029463291168213, 7475.72265625, 7679.0400390625, 7056.994140625, 7948.62890625, 7064.73193359375, 7810.21728515625, 0.9547550678253174, 7054.521484375, 7710.33642578125, 7732.85009765625, 7696.9619140625, 1.009582281112671], "val_loss": 0.753598153591156, "test_loss": 0.6899427175521851, "_timestamp": 1751398381.458844, "_runtime": 270.3288538455963, "_step": 73, "_wandb": {"runtime": 270}}