{"epoch": 27, "train_loss": [0.9392709732055664, 29552.435546875, 29112.556640625, 0.9669073820114136, 28702.0859375, 29295.50390625, 0.9307615756988525, 0.9475955367088318, 28847.353515625], "val_loss": 0.749754011631012, "test_loss": 0.6893957257270813, "_timestamp": 1751371673.4647121, "_runtime": 89.94674324989319, "_step": 77, "_wandb": {"runtime": 89}}