{"epoch": 38, "train_loss": [14705.240234375, 0.9562863707542419, 13993.8984375, 14643.244140625, 0.9727854132652283, 14236.6865234375, 14049.4599609375, 14738.1337890625, 0.9333239793777466, 14244.396484375, 14003.5224609375, 13831.103515625, 14088.01171875, 0.9404065608978271, 14457.7021484375, 14540.1494140625, 14433.6552734375, 0.9398810863494873], "val_loss": 0.7444707751274109, "test_loss": 0.6801679730415344, "_timestamp": 1751419081.0613594, "_runtime": 158.21080350875854, "_step": 88, "_wandb": {"runtime": 157}}