{"epoch": 42, "train_loss": [28605.826171875, 0.9129031300544739, 0.9066725969314575, 28325.568359375, 0.9458575248718262, 0.9478879570960999, 28451.23828125, 0.9321263432502747, 0.9277933239936829], "val_loss": 0.7361661791801453, "test_loss": 0.6759033203125, "_timestamp": 1751413822.0825884, "_runtime": 104.35971450805664, "_step": 92, "_wandb": {"runtime": 104}}