{"epoch": 26, "train_loss": [6740.8701171875, 7145.18017578125, 6794.1513671875, 7056.9091796875, 6976.8779296875, 6451.6904296875, 7069.3330078125, 7165.7734375, 0.9499524235725403, 6968.9990234375, 7036.00390625, 6932.1416015625, 7100.6552734375, 0.9257735013961792, 7241.6787109375, 6728.37744140625, 7239.78125, 0.9240000247955322, 7140.1259765625, 7329.9482421875, 6986.18701171875, 7141.0908203125, 7088.4912109375, 6512.4326171875, 7190.09619140625, 0.9279760718345642, 7318.57958984375, 7172.8994140625, 0.9217182993888855, 6519.28076171875, 7217.3291015625, 7040.07861328125, 7069.005859375, 7028.998046875, 6993.79248046875, 6665.96826171875], "val_loss": 0.7446329593658447, "test_loss": 0.6759572625160217, "_timestamp": 1751377083.0701096, "_runtime": 123.07916069030762, "_step": 39, "_wandb": {"runtime": 122}}