{"epoch": 19, "train_loss": [28767.22265625, 0.9204586148262024, 29048.279296875, 29001.5078125, 0.9612622857093811, 28838.689453125, 0.958818256855011, 28585.427734375, 28969.453125], "val_loss": 0.7449671626091003, "test_loss": 0.6865772008895874, "_timestamp": 1751420696.3511636, "_runtime": 85.29135060310364, "_step": 69, "_wandb": {"runtime": 86}}