{"epoch": 40, "train_loss": [29042.71875, 29047.65625, 0.9684179425239563, 29348.30859375, 29301.611328125, 0.9368764758110046, 28963.06640625, 29070.337890625, 0.9668782949447632], "val_loss": 0.7437947988510132, "test_loss": 0.6829015016555786, "_timestamp": 1751404616.2135696, "_runtime": 121.09427261352539, "_step": 90, "_wandb": {"runtime": 121}}