{"epoch": 9, "train_loss": [14236.2490234375, 0.9894402027130127, 0.9958522319793701, 1.0105568170547485, 0.9966349601745605, 15190.083984375, 14525.6669921875, 0.9757959246635437, 15494.4853515625, 15237.529296875, 14951.9677734375, 14898.130859375, 1.0250564813613892, 15155.4208984375, 0.9952014088630676, 14796.4619140625, 15108.7373046875, 14991.7265625], "val_loss": 0.7606146931648254, "test_loss": 0.6931498050689697, "_timestamp": 1751372416.7202995, "_runtime": 62.761425495147705, "_step": 28, "_wandb": {"runtime": 62}}