{"epoch": 13, "train_loss": [90837.1640625, 0.9087315797805786, 80369.6015625, 94525.5546875, 1.0184262990951538, 78212.140625, 0.8471710085868835, 88367.078125, 0.8007619380950928, 91416.2734375, 0.9930166006088257, 0.9188581109046936, 99987.7734375, 82501.921875], "val_loss": 3.6408355236053467, "test_loss": 3.3326728343963623, "_timestamp": 1751360557.8537302, "_runtime": 62.08023023605347, "_step": 26, "_wandb": {"runtime": 62}}