{"epoch": 23, "train_loss": [29749.353515625, 0.9969998598098755, 30317.94140625, 30209.119140625, 30758.880859375, 29451.74609375, 29691.859375, 29399.21484375, 0.9850066900253296], "val_loss": 0.750786542892456, "test_loss": 0.6924583315849304, "_timestamp": 1751405032.6984093, "_runtime": 68.64587831497192, "_step": 57, "_wandb": {"runtime": 68}}