{"epoch": 24, "train_loss": [7292.42578125, 7381.36181640625, 7473.13623046875, 7292.076171875, 6659.6357421875, 7453.46728515625, 7328.31298828125, 7160.8798828125, 7179.9345703125, 7377.11328125, 7268.71875, 7343.2099609375, 0.882551372051239, 7502.85107421875, 7417.32958984375, 0.9013354182243347, 7474.7578125, 7188.021484375, 7347.6015625, 0.943205714225769, 0.9660418629646301, 7370.873046875, 7054.89111328125, 7259.5791015625, 7361.89794921875, 6762.20458984375, 7529.18994140625, 7451.04443359375, 7464.876953125, 0.9121688604354858, 6823.85888671875, 7489.4931640625, 7339.3857421875, 7452.91650390625, 7446.9921875, 0.9555320739746094], "val_loss": 0.7416661381721497, "test_loss": 0.67638099193573, "_timestamp": 1751397718.335191, "_runtime": 204.913635969162, "_step": 57, "_wandb": {"runtime": 205}}