{"epoch": 30, "train_loss": [13461.224609375, 14184.1748046875, 13567.34765625, 0.9151705503463745, 13735.455078125, 13418.67578125, 14383.369140625, 13756.46875, 0.9425022602081299, 14040.1943359375, 13796.119140625, 14071.8193359375, 0.9056671857833862, 13958.6923828125, 13999.759765625, 0.9423661231994629, 0.8815240859985352, 0.9217295050621033], "val_loss": 0.7414435744285583, "test_loss": 0.6721633672714233, "_timestamp": 1751401335.1511374, "_runtime": 117.72668528556824, "_step": 56, "_wandb": {"runtime": 117}}