{"epoch": 9, "train_loss": [7287.2216796875, 0.9500651955604553, 7428.4296875, 7130.81640625, 7383.17626953125, 0.956878662109375, 7275.18603515625, 7287.3154296875, 0.9462708234786987, 0.9777507185935974, 7417.14501953125, 7492.53515625, 0.9734572768211365, 0.8815326690673828, 6974.6357421875, 7669.77294921875, 0.9842936992645264, 7399.63818359375, 7242.751953125, 7246.99755859375, 6676.54736328125, 7299.91357421875, 7446.22216796875, 0.9458135366439819, 7465.22509765625, 0.9573699831962585, 0.8786885142326355, 0.9770722985267639, 7588.14990234375, 0.9257022738456726, 6826.8271484375, 0.9809126853942871, 6921.95751953125, 7355.95556640625, 1.0019835233688354, 0.9550617337226868], "val_loss": 0.7525708079338074, "test_loss": 0.6831746101379395, "_timestamp": 1751416566.4791517, "_runtime": 73.66311168670654, "_step": 21, "_wandb": {"runtime": 73}}