{"epoch": 16, "train_loss": [20237.2109375, 21518.310546875, 1.0485026836395264, 0.7942368388175964, 19365.103515625, 18446.86328125, 0.8696061968803406, 15743.0322265625, 20032.947265625, 0.8296698331832886, 18734.74609375, 21818.36328125, 19453.455078125, 21519.947265625, 0.8180543780326843, 0.879982590675354, 20654.916015625, 22285.7421875, 0.7189768552780151, 15291.0478515625, 16131.4482421875, 16059.681640625, 0.6614406108856201, 21167.3671875, 19786.8671875, 20543.330078125, 14070.791015625, 20249.755859375, 22058.037109375, 23631.904296875, 22197.740234375, 23692.271484375, 18758.77734375, 0.5529606342315674, 1.0101594924926758, 15274.1455078125, 19007.154296875, 0.7735951542854309, 0.9604106545448303, 24669.431640625, 0.8655281662940979, 14875.68359375, 20666.28125, 24532.3671875, 0.8684424161911011, 19007.05859375, 20070.935546875, 0.9342283606529236, 0.9862462878227234, 0.8082128763198853, 0.63689786195755, 0.8998250365257263, 0.7783918976783752, 19890.080078125, 20385.0859375, 21063.28515625, 21813.787109375, 0.6672279238700867, 0.8475428819656372], "val_loss": 3.4872214794158936, "test_loss": 3.292707920074463, "_timestamp": 1751362315.5861301, "_runtime": 224.40675616264343, "_step": 32, "_wandb": {"runtime": 224}}