{"epoch": 6, "train_loss": [0.9838492274284363, 29509.705078125, 0.983273983001709, 29775.802734375, 0.9897825121879578, 1.0023114681243896, 29636.642578125, 30973.884765625, 0.9514259696006775], "val_loss": 0.7550141215324402, "test_loss": 0.6963185667991638, "_timestamp": 1751372328.3356593, "_runtime": 48.09823131561279, "_step": 26, "_wandb": {"runtime": 47}}