{"epoch": 33, "train_loss": [1.0620790719985962, 7787.76953125, 7866.517578125, 1.0085334777832031, 8091.26708984375, 8109.99951171875, 1.0448977947235107, 7772.4296875, 7623.47216796875, 7712.2099609375, 0.9330050945281982, 7477.1357421875, 1.0166816711425781, 0.9652151465415955, 7875.369140625, 7886.6220703125, 7901.580078125, 7165.017578125, 7875.09765625, 7996.6953125, 1.0342319011688232, 7149.5341796875, 7735.13720703125, 7641.1474609375, 7897.2060546875, 7872.54150390625, 7761.9736328125, 1.044572114944458, 0.9671396017074585, 7748.294921875, 7913.4833984375, 7767.98193359375, 7322.1337890625, 7824.8974609375, 1.0249242782592773, 1.0151112079620361], "val_loss": 0.7539633512496948, "test_loss": 0.6899236440658569, "_timestamp": 1751390110.095538, "_runtime": 245.39812684059143, "_step": 83, "_wandb": {"runtime": 245}}