{"epoch": 28, "train_loss": [0.8844072818756104, 7378.4111328125, 0.9355415105819702, 7120.1650390625, 7300.80517578125, 0.922853946685791, 7127.42822265625, 7237.244140625, 6843.25341796875, 7148.0537109375, 7118.6142578125, 6422.7060546875, 6491.1357421875, 0.9555038213729858, 0.87696373462677, 6989.94921875, 7081.59375, 7086.369140625, 0.8982998132705688, 7108.24853515625, 0.9159013628959656, 7159.90576171875, 7156.32666015625, 0.932623028755188, 0.9575830101966858, 7044.19921875, 0.9467484354972839, 0.965925395488739, 7046.548828125, 6645.84765625, 7162.9912109375, 0.9333368539810181, 0.9221783876419067, 7231.384765625, 7221.61328125, 0.8469026684761047], "val_loss": 0.7417540550231934, "test_loss": 0.6722886562347412, "_timestamp": 1751369538.1367936, "_runtime": 198.77442955970764, "_step": 64, "_wandb": {"runtime": 198}}