{"epoch": 40, "train_loss": [15282.724609375, 15200.912109375, 15396.07421875, 1.0006881952285767, 14648.568359375, 0.964386522769928, 13921.359375, 15256.091796875, 0.9895727038383484, 14724.11328125, 15169.630859375, 14882.8642578125, 15010.953125, 15367.58203125, 0.9923388957977295, 0.9977290630340576, 0.9913856983184814, 14391.58984375], "val_loss": 0.7523453235626221, "test_loss": 0.6886327266693115, "_timestamp": 1751377542.9147346, "_runtime": 146.70240259170532, "_step": 90, "_wandb": {"runtime": 146}}