{"epoch": 44, "train_loss": [27881.564453125, 27973.646484375, 0.9163758158683777, 28291.40625, 27980.08984375, 27542.083984375, 28664.833984375, 27536.72265625, 28739.88671875], "val_loss": 0.7337877750396729, "test_loss": 0.6753129959106445, "_timestamp": 1751414923.9789457, "_runtime": 101.14769983291626, "_step": 94, "_wandb": {"runtime": 101}}