{"epoch": 22, "train_loss": [15297.3935546875, 15072.4287109375, 15499.7724609375, 1.0026112794876099, 15279.8125, 14786.673828125, 14029.4970703125, 14707.1416015625, 14813.568359375, 14857.58203125, 15449.1435546875, 15026.34765625, 15182.2978515625, 15494.7412109375, 14697.8818359375, 15029.6005859375, 0.9911391735076904, 0.9847510457038879], "val_loss": 0.7551227807998657, "test_loss": 0.6881890892982483, "_timestamp": 1751364258.5560315, "_runtime": 96.45770454406738, "_step": 53, "_wandb": {"runtime": 96}}