{"epoch": 15, "train_loss": [0.7735680937767029, 0.8455309867858887, 41364.26953125, 0.9204204082489014, 48648.1796875, 46107.36328125, 0.8801655173301697, 46593.3359375, 44650.50390625, 42523.6875, 36860.8203125, 1.0846041440963745, 38577.55859375, 40633.13671875, 0.9274309277534485, 46211.62109375, 37658.375, 37103.453125, 40082.25, 0.8636501431465149, 43349.82421875, 46476.29296875, 0.8732730150222778, 47474.51953125, 38610.1484375, 35795.78125, 38247.29296875, 1.0144031047821045, 41549.546875], "val_loss": 3.5742499828338623, "test_loss": 3.2722957134246826, "_timestamp": 1751360950.0744941, "_runtime": 45.15703105926514, "_step": 29, "_wandb": {"runtime": 44}}