{"epoch": 29, "train_loss": [7361.7109375, 0.950289249420166, 6962.4736328125, 0.8920832872390747, 0.9428440928459167, 0.9775353670120239, 7290.67431640625, 0.9803390502929688, 0.9566636681556702, 7268.96826171875, 0.9393121600151062, 0.8665241599082947, 7154.0361328125, 7267.44775390625, 7454.2626953125, 0.949217677116394, 7212.92333984375, 6811.57666015625, 7365.794921875, 7192.6279296875, 6675.32861328125, 7363.9345703125, 6701.50537109375, 0.9657929539680481, 7394.2900390625, 7307.283203125, 0.9824347496032715, 0.9477910399436951, 0.9355775117874146, 6915.16552734375, 7287.0498046875, 7503.5107421875, 7286.4658203125, 7189.140625, 7373.546875, 7421.83740234375], "val_loss": 0.7350488305091858, "test_loss": 0.6697001457214355, "_timestamp": 1751396528.214702, "_runtime": 153.28548884391785, "_step": 41, "_wandb": {"runtime": 153}}