{"epoch": 7, "train_loss": [0.9624888896942139, 7136.35205078125, 7295.16943359375, 7425.09130859375, 0.9439296722412109, 6787.10107421875, 6967.96435546875, 6647.982421875, 7373.57080078125, 0.9469548463821411, 7196.873046875, 0.8947108387947083, 0.9532338976860046, 7412.8662109375, 0.9317840933799744, 0.9505553841590881, 6665.42236328125, 7225.6240234375, 6694.6259765625, 7213.6826171875, 7269.78857421875, 7335.673828125, 0.9683026671409607, 7290.07421875, 7202.8408203125, 0.955752432346344, 0.9754667282104492, 6944.88916015625, 7040.61328125, 0.9370308518409729, 7151.3857421875, 7233.0009765625, 7353.2734375, 0.9246871471405029, 7362.099609375, 0.968841552734375], "val_loss": 0.7476691007614136, "test_loss": 0.6783502697944641, "_timestamp": 1751372254.5568655, "_runtime": 103.77781748771667, "_step": 28, "_wandb": {"runtime": 103}}