{"epoch": 21, "train_loss": [8069.2578125, 7807.38134765625, 8001.38232421875, 7996.7119140625, 1.008641004562378, 7406.7666015625, 0.9857767224311829, 7313.166015625, 7443.76171875, 7108.52490234375, 1.0275242328643799, 7714.45458984375, 7928.46240234375, 7867.96923828125, 1.016374945640564, 7893.31787109375, 7924.10205078125, 7957.8564453125, 8175.08544921875, 8100.8486328125, 0.9409142136573792, 7834.5146484375, 7832.5908203125, 7743.40087890625, 7790.2958984375, 7867.712890625, 1.0427443981170654, 7801.7861328125, 7781.37158203125, 7910.03369140625, 8106.16357421875, 7910.10791015625, 7900.755859375, 7590.1103515625, 7606.00146484375, 7193.1640625], "val_loss": 0.7529799938201904, "test_loss": 0.6901099681854248, "_timestamp": 1751392858.4108174, "_runtime": 126.3617193698883, "_step": 32, "_wandb": {"runtime": 126}}