{"epoch": 28, "train_loss": [0.9818089604377747, 14626.9619140625, 14804.2841796875, 15260.193359375, 15416.1064453125, 14911.1591796875, 14805.376953125, 14513.9873046875, 0.9592461585998535, 0.9718418121337891, 15368.6474609375, 14623.119140625, 15087.1923828125, 0.9929607510566711, 15005.0166015625, 14610.0712890625, 15217.4560546875, 14608.91796875], "val_loss": 0.7469882369041443, "test_loss": 0.6820113658905029, "_timestamp": 1751408245.1529114, "_runtime": 122.10388135910034, "_step": 78, "_wandb": {"runtime": 122}}