{"epoch": 12, "train_loss": [1.0034282207489014, 7122.9150390625, 7392.51171875, 7411.759765625, 7324.576171875, 0.9824084639549255, 7382.9453125, 7189.5625, 7599.6728515625, 7605.931640625, 7693.9150390625, 0.9769994020462036, 7528.0791015625, 7734.025390625, 7454.40283203125, 7357.4921875, 1.0005161762237549, 7456.8779296875, 0.9495136141777039, 1.0221916437149048, 6888.60009765625, 1.0031487941741943, 7530.9423828125, 7219.63525390625, 7299.31591796875, 7400.37109375, 7426.14697265625, 0.971744179725647, 0.9759981036186218, 0.9098241925239563, 7480.544921875, 0.8863138556480408, 7536.20947265625, 7166.31103515625, 0.889295756816864, 7502.98486328125], "val_loss": 0.7488737106323242, "test_loss": 0.6827459335327148, "_timestamp": 1751369189.5882719, "_runtime": 112.6222038269043, "_step": 33, "_wandb": {"runtime": 112}}