{"epoch": 16, "train_loss": [7363.021484375, 7107.6494140625, 0.9431416392326355, 6673.0546875, 7463.86962890625, 7152.337890625, 6652.10546875, 7411.056640625, 0.9591903686523438, 7364.1474609375, 0.9250191450119019, 7406.04931640625, 7263.89013671875, 7224.287109375, 7230.875, 7157.861328125, 7513.96630859375, 7400.54052734375, 7330.458984375, 7307.0205078125, 7048.5380859375, 7367.291015625, 0.9571656584739685, 6817.5009765625, 0.9135732650756836, 7262.9306640625, 7291.845703125, 6905.25, 7245.4091796875, 7236.0576171875, 0.8706322312355042, 7202.9208984375, 0.9822182059288025, 0.9674863815307617, 0.9635826349258423, 0.9603169560432434], "val_loss": 0.7503060102462769, "test_loss": 0.686587393283844, "_timestamp": 1751373366.2323365, "_runtime": 212.13210344314575, "_step": 66, "_wandb": {"runtime": 212}}