{"epoch": 6, "train_loss": [15544.07421875, 15789.373046875, 15658.1376953125, 1.0177613496780396, 1.015005350112915, 15612.11328125, 1.039034128189087, 15038.9638671875, 1.0245473384857178, 15724.5537109375, 15749.912109375, 15575.9560546875, 0.9669209122657776, 15257.3408203125, 15898.0205078125, 15182.1865234375, 14856.45703125, 14745.7841796875], "val_loss": 0.7533215284347534, "test_loss": 0.6922783851623535, "_timestamp": 1751376316.2382894, "_runtime": 92.31406140327454, "_step": 49, "_wandb": {"runtime": 92}}