{"epoch": 36, "train_loss": [7494.11181640625, 7328.99169921875, 7264.220703125, 7124.6396484375, 0.9724375009536743, 7559.27978515625, 7644.86767578125, 7522.5546875, 0.9595098495483398, 7493.1669921875, 0.8921259045600891, 0.8893916010856628, 7705.1875, 7702.2353515625, 7185.27587890625, 7636.9736328125, 0.9731007814407349, 0.9711523652076721, 7424.4296875, 0.9313302040100098, 7363.7724609375, 0.8977097868919373, 7459.765625, 7331.7998046875, 0.9950449466705322, 7623.96533203125, 0.9924758076667786, 0.9141269326210022, 0.9818028807640076, 7521.634765625, 7499.77734375, 7480.39453125, 0.9783191680908203, 7600.3564453125, 7484.3720703125, 7517.125], "val_loss": 0.739223837852478, "test_loss": 0.6751542091369629, "_timestamp": 1751385570.6177855, "_runtime": 142.17950654029846, "_step": 46, "_wandb": {"runtime": 141}}