{"epoch": 48, "train_loss": [14431.8564453125, 13806.0634765625, 14568.201171875, 14242.9072265625, 0.8760077357292175, 14455.8681640625, 14214.8857421875, 14160.525390625, 13827.8203125, 14389.0009765625, 14458.3818359375, 14382.82421875, 14085.1103515625, 14717.806640625, 13638.4921875, 0.950718879699707, 14586.9755859375, 14392.75], "val_loss": 0.7363109588623047, "test_loss": 0.6684957146644592, "_timestamp": 1751415252.8357587, "_runtime": 186.67835879325867, "_step": 95, "_wandb": {"runtime": 185}}