{"epoch": 27, "train_loss": [42811.02734375, 0.8262138962745667, 41719.3203125, 36326.640625, 0.9439635872840881, 43577.21875, 38163.3828125, 0.837153434753418, 38909.76953125, 32030.900390625, 0.9320074915885925, 44973.5234375, 41363.9296875, 46760.30859375, 0.8477019667625427, 39491.13671875, 40448.9453125, 39664.23828125, 0.976850688457489, 39279.90234375, 41894.96484375, 43492.73046875, 46818.28515625, 46508.81640625, 48075.1015625, 1.0386399030685425, 0.8412882685661316, 39916.39453125, 41045.1484375], "val_loss": 3.5600790977478027, "test_loss": 3.2750914096832275, "_timestamp": 1751361336.6914296, "_runtime": 173.87725257873535, "_step": 43, "_wandb": {"runtime": 173}}