{"epoch": 26, "train_loss": [7396.7783203125, 0.9450885653495789, 7167.12744140625, 7292.96728515625, 7418.09765625, 0.9570165872573853, 7030.48779296875, 7293.88720703125, 6533.14892578125, 0.9583284258842468, 7273.33935546875, 7348.26904296875, 6509.9423828125, 6703.14599609375, 6554.0625, 7087.654296875, 7207.1064453125, 0.9354669451713562, 7122.17333984375, 7081.11962890625, 7374.8115234375, 7249.3486328125, 7531.1103515625, 7278.19482421875, 6882.51806640625, 7203.6796875, 7040.03173828125, 7157.11279296875, 7201.45166015625, 7386.34130859375, 0.9339475631713867, 0.8805977702140808, 0.9322285652160645, 0.9189633727073669, 0.9500748515129089, 0.8902331590652466], "val_loss": 0.7372408509254456, "test_loss": 0.671943187713623, "_timestamp": 1751418208.4774892, "_runtime": 162.3809633255005, "_step": 57, "_wandb": {"runtime": 161}}