{"epoch": 26, "train_loss": [1.0347696542739868, 15761.0927734375, 1.0583661794662476, 15498.525390625, 1.0291482210159302, 15887.734375, 14972.314453125, 14699.1015625, 1.0075958967208862, 16026.6083984375, 15788.2041015625, 15948.4462890625, 15096.4697265625, 1.0117480754852295, 15726.4287109375, 1.014899492263794, 1.040604829788208, 1.0054088830947876], "val_loss": 0.7571139931678772, "test_loss": 0.6944573521614075, "_timestamp": 1751373128.973126, "_runtime": 103.32245802879333, "_step": 76, "_wandb": {"runtime": 102}}