{"epoch": 43, "train_loss": [15319.068359375, 15490.9443359375, 15324.1845703125, 15278.9912109375, 15401.052734375, 15841.76953125, 15549.6171875, 15857.94921875, 15708.50390625, 15098.8818359375, 15809.427734375, 1.0079666376113892, 15079.025390625, 0.9289210438728333, 1.0230568647384644, 15525.150390625, 15622.1240234375, 15748.8447265625], "val_loss": 0.7519267201423645, "test_loss": 0.6891146898269653, "_timestamp": 1751364936.3423896, "_runtime": 132.30640649795532, "_step": 93, "_wandb": {"runtime": 132}}