{"epoch": 35, "train_loss": [0.9155788421630859, 14254.8212890625, 14155.4404296875, 13573.298828125, 0.9192844033241272, 0.9323501586914062, 13729.1982421875, 13924.685546875, 13960.630859375, 0.9371559023857117, 14008.3662109375, 13652.1982421875, 13116.044921875, 14399.4755859375, 0.9393788576126099, 14136.109375, 0.9139967560768127, 13545.248046875], "val_loss": 0.732227623462677, "test_loss": 0.6660144329071045, "_timestamp": 1751401677.400644, "_runtime": 123.56573414802551, "_step": 77, "_wandb": {"runtime": 123}}