{"epoch": 10, "train_loss": [7023.333984375, 7261.068359375, 7407.748046875, 7492.15234375, 7270.814453125, 7485.84033203125, 7201.24658203125, 0.8621827960014343, 7377.7236328125, 6713.220703125, 0.9107324481010437, 7061.5810546875, 7361.82666015625, 6936.84033203125, 7290.6923828125, 7347.1220703125, 7043.92822265625, 0.9748437404632568, 7374.2001953125, 7212.720703125, 7315.1396484375, 0.9659045338630676, 7174.4072265625, 7433.64453125, 7358.9482421875, 7327.177734375, 7289.81494140625, 0.9471729397773743, 6810.423828125, 0.9559398293495178, 7260.14453125, 7304.3935546875, 7109.40625, 7473.2314453125, 7545.576171875, 0.9658071398735046], "val_loss": 0.7448604702949524, "test_loss": 0.680499792098999, "_timestamp": 1751373508.0329316, "_runtime": 115.25901460647583, "_step": 34, "_wandb": {"runtime": 115}}