{"epoch": 5, "train_loss": [0.96370530128479, 0.9707454442977905, 0.9565997123718262, 14623.5166015625, 1.015749454498291, 1.0006266832351685, 15305.908203125, 0.934378445148468, 14878.623046875, 1.0091267824172974, 15130.9189453125, 15088.6357421875, 0.9710215926170349, 0.9712494015693665, 0.9638224840164185, 14252.205078125, 14590.12109375, 14156.0869140625], "val_loss": 0.7477500438690186, "test_loss": 0.6857622265815735, "_timestamp": 1751381186.616481, "_runtime": 100.71200799942017, "_step": 55, "_wandb": {"runtime": 100}}