{"epoch": 42, "train_loss": [14600.91015625, 14040.5859375, 0.984488844871521, 0.9485564231872559, 14918.837890625, 14910.7099609375, 14118.6201171875, 15118.19140625, 13880.783203125, 0.9703047871589661, 0.9800040125846863, 14567.216796875, 14920.62109375, 0.9612447023391724, 0.9271214604377747, 14496.6572265625, 0.9697918891906738, 0.9676355719566345], "val_loss": 0.7377944588661194, "test_loss": 0.6728827953338623, "_timestamp": 1751416008.482241, "_runtime": 122.09399390220642, "_step": 57, "_wandb": {"runtime": 121}}