{"epoch": 21, "train_loss": [7284.62255859375, 7266.7763671875, 6637.6484375, 6819.91015625, 7394.39306640625, 7402.318359375, 7338.98046875, 6916.4111328125, 7389.47900390625, 7298.697265625, 0.9700379967689514, 6651.134765625, 6961.060546875, 0.9580657482147217, 7471.6416015625, 7194.486328125, 7101.142578125, 0.9756905436515808, 0.9776977896690369, 7598.49951171875, 7431.09912109375, 7198.81005859375, 7343.6142578125, 7380.84375, 7564.28466796875, 7373.97705078125, 7195.548828125, 0.9603808522224426, 7401.41650390625, 6961.30078125, 7240.779296875, 6594.96875, 7278.5087890625, 0.9660161137580872, 7135.84521484375, 7456.69482421875], "val_loss": 0.7359613180160522, "test_loss": 0.6723799109458923, "_timestamp": 1751418691.3265584, "_runtime": 245.9916832447052, "_step": 68, "_wandb": {"runtime": 246}}