{"epoch": 26, "train_loss": [29170.978515625, 30323.935546875, 29366.408203125, 28998.42578125, 30022.845703125, 0.9826059937477112, 30004.697265625, 0.929214358329773, 0.9831349849700928], "val_loss": 0.7486675977706909, "test_loss": 0.6896538734436035, "_timestamp": 1751412674.8652763, "_runtime": 72.27713537216187, "_step": 76, "_wandb": {"runtime": 72}}