{"epoch": 25, "train_loss": [7437.55322265625, 7568.30908203125, 0.9572079181671143, 0.9666541814804077, 7433.73193359375, 7163.474609375, 7517.642578125, 0.9247251749038696, 7471.23046875, 0.9085022807121277, 7417.16015625, 7297.912109375, 7509.4345703125, 7046.2080078125, 7538.09326171875, 0.9092305898666382, 7389.8955078125, 7409.13427734375, 7622.2431640625, 1.0124342441558838, 7671.01513671875, 6733.89013671875, 0.9737011194229126, 0.9593984484672546, 7451.4111328125, 6856.43115234375, 7463.53271484375, 7400.8984375, 7310.7822265625, 7590.18408203125, 7403.2451171875, 7466.4228515625, 0.9709776639938354, 7410.0458984375, 0.9915887713432312, 7461.4921875], "val_loss": 0.7410753965377808, "test_loss": 0.6748455166816711, "_timestamp": 1751383750.2487743, "_runtime": 134.99821424484253, "_step": 55, "_wandb": {"runtime": 134}}