{"epoch": 13, "train_loss": [7479.09228515625, 0.9734145402908325, 0.9289388656616211, 7675.93408203125, 7420.19873046875, 7538.0146484375, 0.8992580771446228, 0.9838882088661194, 7606.578125, 7623.37158203125, 7625.68212890625, 7631.77294921875, 7551.314453125, 7809.35498046875, 7570.27734375, 7745.4287109375, 7027.65966796875, 7620.17626953125, 1.008458137512207, 7714.95654296875, 7578.20703125, 7720.95751953125, 7554.56787109375, 7810.43115234375, 7369.14794921875, 7474.9990234375, 1.0089458227157593, 7852.55712890625, 7182.65185546875, 7626.74365234375, 0.9882988929748535, 7273.71826171875, 7530.07666015625, 7588.05615234375, 0.9218173027038574, 7250.34912109375], "val_loss": 0.7477609515190125, "test_loss": 0.685391902923584, "_timestamp": 1751368741.576541, "_runtime": 143.44040489196777, "_step": 42, "_wandb": {"runtime": 142}}