{"epoch": 25, "train_loss": [7397.0205078125, 7582.95703125, 7689.09228515625, 7688.416015625, 7539.765625, 7513.390625, 7507.45849609375, 0.9852830171585083, 7576.6416015625, 7099.81640625, 7586.9365234375, 7507.0234375, 7320.91162109375, 7439.92529296875, 0.9969991445541382, 1.008931040763855, 7512.1748046875, 7654.7314453125, 7551.5400390625, 7268.6630859375, 0.9418401718139648, 7460.4775390625, 6992.61328125, 0.9710551500320435, 7457.16162109375, 7345.0751953125, 1.01075279712677, 1.0247137546539307, 7027.90625, 7562.755859375, 7712.0087890625, 0.9382335543632507, 7509.53515625, 7268.5341796875, 7554.7685546875, 6980.50927734375], "val_loss": 0.749397337436676, "test_loss": 0.6820237636566162, "_timestamp": 1751376604.685614, "_runtime": 169.98309803009033, "_step": 70, "_wandb": {"runtime": 170}}