{"epoch": 34, "train_loss": [7313.6953125, 7353.6162109375, 7194.46435546875, 7420.1650390625, 6797.7490234375, 7130.30078125, 0.9339817762374878, 7224.0048828125, 7082.74072265625, 6582.22265625, 7011.69970703125, 6763.93115234375, 0.9466041922569275, 0.9586885571479797, 0.9213036894798279, 7201.19970703125, 7170.2099609375, 7351.97900390625, 7090.06298828125, 0.9511057734489441, 0.8393023610115051, 7349.171875, 0.9532976746559143, 7113.38037109375, 0.9080681800842285, 7307.4658203125, 7197.8447265625, 7118.263671875, 6462.8056640625, 7311.3662109375, 7180.126953125, 0.8990399837493896, 0.864513635635376, 0.9578362703323364, 7220.4208984375, 0.9347624778747559], "val_loss": 0.734938383102417, "test_loss": 0.669590413570404, "_timestamp": 1751382219.4810412, "_runtime": 245.72921323776245, "_step": 84, "_wandb": {"runtime": 245}}