{"epoch": 36, "train_loss": [14615.005859375, 14289.5986328125, 14265.228515625, 13856.6796875, 14164.1005859375, 14424.94140625, 13727.3994140625, 0.9569870233535767, 0.9092617630958557, 0.9110068082809448, 0.9338611364364624, 14060.97265625, 14633.4521484375, 14794.41796875, 13686.0263671875, 14407.5166015625, 14482.0673828125, 14162.8271484375], "val_loss": 0.7366268634796143, "test_loss": 0.6707169413566589, "_timestamp": 1751408413.400274, "_runtime": 143.34732294082642, "_step": 76, "_wandb": {"runtime": 143}}