{"epoch": 8, "train_loss": [0.9691371321678162, 7379.83935546875, 0.9649718403816223, 7141.73291015625, 0.9684303998947144, 7644.89453125, 7031.42431640625, 7179.8994140625, 6891.13720703125, 0.9539673924446106, 7380.181640625, 7737.9580078125, 6936.23486328125, 7391.37451171875, 7388.029296875, 0.9762192964553833, 7329.21923828125, 7462.2568359375, 7568.26806640625, 6748.7958984375, 7642.771484375, 7529.38720703125, 0.9832125902175903, 7656.39208984375, 0.8803912997245789, 7461.0458984375, 7552.71533203125, 0.8873751759529114, 7249.41064453125, 7298.03466796875, 7585.7080078125, 7392.931640625, 0.9670063257217407, 0.9563722610473633, 7358.763671875, 7294.3388671875], "val_loss": 0.7511793971061707, "test_loss": 0.6851345896720886, "_timestamp": 1751404324.5048158, "_runtime": 108.29631972312927, "_step": 24, "_wandb": {"runtime": 108}}