{"epoch": 5, "train_loss": [38753.82421875, 1.001536250114441, 43071.1171875, 0.9915246963500977, 47643.25390625, 39682.71484375, 38974.0078125, 49800.515625, 49159.1953125, 42853.4453125, 44167.75390625, 48184.66796875, 37278.2890625, 45898.71484375, 45412.20703125, 40819.72265625, 39067.625, 41909.7265625, 53239.3046875, 39379.78515625, 53657.48828125, 53774.4609375, 47041.9140625, 40136.4609375, 41732.70703125, 53242.6640625, 1.067610263824463, 0.9465635418891907, 1.0522664785385132], "val_loss": 3.6794257164001465, "test_loss": 3.373612403869629, "_timestamp": 1751361138.7503266, "_runtime": 38.53739356994629, "_step": 28, "_wandb": {"runtime": 38}}