{"epoch": 41, "train_loss": [15013.849609375, 15226.2138671875, 15608.732421875, 1.007834792137146, 15346.43359375, 15462.1787109375, 0.9862725138664246, 15341.71875, 15160.720703125, 15569.306640625, 14763.1318359375, 15210.921875, 14779.970703125, 0.9381238222122192, 15512.3916015625, 15590.1416015625, 0.969712495803833, 14941.732421875], "val_loss": 0.7489310503005981, "test_loss": 0.6841434240341187, "_timestamp": 1751405805.2041383, "_runtime": 176.19828629493713, "_step": 91, "_wandb": {"runtime": 177}}