{"epoch": 45, "train_loss": [14798.8349609375, 14033.9521484375, 14685.9150390625, 0.9117869138717651, 0.9615866541862488, 14460.7548828125, 0.9695209264755249, 0.9706252813339233, 14556.9208984375, 14239.42578125, 0.9720591306686401, 13836.9208984375, 0.9328550100326538, 14460.107421875, 14078.12890625, 0.9601277709007263, 0.9641260504722595, 14795.919921875], "val_loss": 0.7367528676986694, "test_loss": 0.6711280345916748, "_timestamp": 1751410054.3994253, "_runtime": 118.43471336364746, "_step": 56, "_wandb": {"runtime": 118}}