{"epoch": 28, "train_loss": [14760.671875, 14708.0927734375, 14799.68359375, 14559.5595703125, 14303.634765625, 14412.419921875, 14624.3974609375, 13697.4892578125, 0.9526836276054382, 14044.9013671875, 14774.48828125, 0.9135144948959351, 13997.6845703125, 14398.7822265625, 0.9623384475708008, 13914.01171875, 13931.8818359375, 0.915458619594574], "val_loss": 0.7334451079368591, "test_loss": 0.6674882769584656, "_timestamp": 1751408590.5481112, "_runtime": 152.4768042564392, "_step": 75, "_wandb": {"runtime": 152}}