{"epoch": 37, "train_loss": [0.9265233278274536, 14120.6005859375, 0.9221980571746826, 0.935976505279541, 14342.048828125, 0.9496515393257141, 0.8907692432403564, 0.9399819374084473, 0.8604139089584351, 14384.376953125, 14057.8623046875, 14335.8232421875, 13422.705078125, 0.9420610070228577, 0.9338864088058472, 14450.251953125, 0.9428216218948364, 14068.9638671875], "val_loss": 0.7329517602920532, "test_loss": 0.6672095656394958, "_timestamp": 1751399150.794242, "_runtime": 112.9465229511261, "_step": 52, "_wandb": {"runtime": 113}}