{"epoch": 23, "train_loss": [7253.994140625, 7745.9365234375, 0.9791832566261292, 1.023802399635315, 0.9996024370193481, 7439.53173828125, 1.037408709526062, 1.0307743549346924, 7671.00634765625, 7573.19091796875, 1.0212291479110718, 7672.03076171875, 0.9991419911384583, 7296.30810546875, 6987.71142578125, 0.985374391078949, 1.0114736557006836, 7566.119140625, 7664.4326171875, 7603.4130859375, 7570.263671875, 1.0141613483428955, 0.9744039177894592, 0.9444618821144104, 7401.826171875, 0.9923415780067444, 1.0019176006317139, 7652.259765625, 6966.357421875, 7252.2998046875, 7543.146484375, 0.992815375328064, 1.0169609785079956, 7569.0556640625, 0.9149391651153564, 7602.0859375], "val_loss": 0.7514129877090454, "test_loss": 0.6871362924575806, "_timestamp": 1751376200.8663042, "_runtime": 223.87536811828613, "_step": 72, "_wandb": {"runtime": 223}}