{"epoch": 41, "train_loss": [0.9217339754104614, 7917.169921875, 7619.92919921875, 1.0400059223175049, 7311.5166015625, 7709.2763671875, 7944.34521484375, 7522.3701171875, 1.0047633647918701, 7736.54833984375, 7687.341796875, 7771.65673828125, 7786.3388671875, 0.9944619536399841, 7753.4228515625, 1.0221971273422241, 1.0293346643447876, 1.0058555603027344, 0.9952947497367859, 7269.5205078125, 7819.3564453125, 7431.6806640625, 7706.8720703125, 7593.81396484375, 7583.859375, 7553.61328125, 7671.2919921875, 7980.15478515625, 0.9597600698471069, 7669.3642578125, 7667.7119140625, 7538.95556640625, 7584.4833984375, 7280.26513671875, 0.9223577380180359, 7050.7421875], "val_loss": 0.7530879378318787, "test_loss": 0.6906515955924988, "_timestamp": 1751381659.5216348, "_runtime": 261.64837074279785, "_step": 91, "_wandb": {"runtime": 261}}