{"epoch": 7, "train_loss": [15819.125, 15325.1259765625, 1.0041385889053345, 15324.2021484375, 1.0073531866073608, 15127.4560546875, 15436.1962890625, 15569.87890625, 15893.5869140625, 15478.4912109375, 15503.5009765625, 15583.5283203125, 15273.759765625, 14788.001953125, 14493.8125, 0.9741303324699402, 15337.244140625, 1.0178200006484985], "val_loss": 0.7564834952354431, "test_loss": 0.6929677128791809, "_timestamp": 1751371804.3563635, "_runtime": 104.95328044891357, "_step": 57, "_wandb": {"runtime": 105}}