{"epoch": 29, "train_loss": [7599.3173828125, 7403.8759765625, 7511.328125, 0.9525777697563171, 7383.2568359375, 7415.3955078125, 7405.59521484375, 7443.361328125, 7260.43359375, 7518.958984375, 7515.29736328125, 0.9728763103485107, 7334.41455078125, 0.9544656872749329, 7128.759765625, 7610.5888671875, 6833.8662109375, 0.9753610491752625, 7510.154296875, 7434.4228515625, 0.9024879932403564, 7698.1630859375, 7347.443359375, 7446.83203125, 7575.26416015625, 7198.83203125, 7335.2724609375, 7186.412109375, 0.9024263024330139, 0.9332970976829529, 6773.87255859375, 7470.53857421875, 0.9101398587226868, 7535.6171875, 7638.06591796875, 7375.34423828125], "val_loss": 0.7416295409202576, "test_loss": 0.6752941608428955, "_timestamp": 1751386644.075193, "_runtime": 157.95538687705994, "_step": 50, "_wandb": {"runtime": 157}}