{"epoch": 15, "train_loss": [29172.44921875, 29669.310546875, 29881.10546875, 28389.041015625, 28427.12109375, 0.9526507258415222, 28314.71484375, 29298.9375, 29760.771484375], "val_loss": 0.7432149648666382, "test_loss": 0.6818070411682129, "_timestamp": 1751412076.4730308, "_runtime": 113.80186581611633, "_step": 65, "_wandb": {"runtime": 114}}