{"epoch": 41, "train_loss": [7344.470703125, 0.986496090888977, 0.9697578549385071, 0.9617816805839539, 6961.865234375, 7659.71875, 0.9750735759735107, 7465.34130859375, 0.9816246628761292, 0.9775210022926331, 7413.29296875, 6833.17822265625, 0.9733795523643494, 0.9941117167472839, 6758.5009765625, 7243.82861328125, 6983.25, 7533.294921875, 7485.6025390625, 7463.26513671875, 7443.47802734375, 7713.224609375, 7525.765625, 7583.57421875, 7291.17529296875, 7350.5859375, 6864.0283203125, 1.007288932800293, 7568.17626953125, 7463.8955078125, 7415.3671875, 7056.0078125, 7457.26416015625, 0.9897355437278748, 0.9708702564239502, 7119.1533203125], "val_loss": 0.7402997016906738, "test_loss": 0.6752285361289978, "_timestamp": 1751412412.1066945, "_runtime": 307.7443573474884, "_step": 90, "_wandb": {"runtime": 307}}