{"epoch": 41, "train_loss": [14396.7880859375, 0.9386788010597229, 14316.201171875, 0.9450913667678833, 13934.51171875, 0.9427540898323059, 14426.80859375, 13690.8466796875, 14091.17578125, 0.8869043588638306, 0.9237678647041321, 14104.59375, 0.8958860039710999, 0.933925211429596, 14210.1240234375, 13674.6787109375, 14236.689453125, 0.9286651015281677], "val_loss": 0.7370671629905701, "test_loss": 0.6712428331375122, "_timestamp": 1751414131.1149514, "_runtime": 175.3652584552765, "_step": 91, "_wandb": {"runtime": 175}}