{"epoch": 10, "train_loss": [0.9331244826316833, 7373.8857421875, 7271.2080078125, 0.9536167979240417, 7262.5, 7418.2734375, 7504.78515625, 7021.42578125, 7287.669921875, 0.9261603355407715, 7293.470703125, 7317.91650390625, 7408.98779296875, 0.9718432426452637, 6690.9208984375, 7186.12060546875, 7573.9287109375, 0.9842172265052795, 6917.7236328125, 7546.19775390625, 7399.4619140625, 7635.0107421875, 0.8693345189094543, 6910.83984375, 0.9722249507904053, 7325.29296875, 7490.3740234375, 7277.24853515625, 7127.7138671875, 0.9487618207931519, 7235.2587890625, 0.9023677706718445, 0.9724148511886597, 0.9678486585617065, 0.9498642086982727, 0.8850276470184326], "val_loss": 0.7500082850456238, "test_loss": 0.6840599775314331, "_timestamp": 1751381946.2913582, "_runtime": 127.6326551437378, "_step": 39, "_wandb": {"runtime": 127}}