{"epoch": 47, "train_loss": [0.9684672951698303, 14262.7998046875, 14184.484375, 0.9236447811126709, 14986.380859375, 15116.15234375, 0.9845166802406311, 0.9705359935760498, 14921.3466796875, 0.9652085304260254, 14739.5537109375, 14691.96484375, 14407.2490234375, 15155.9794921875, 14453.2666015625, 0.9695625901222229, 0.909001350402832, 14656.193359375], "val_loss": 0.7429803013801575, "test_loss": 0.6773987412452698, "_timestamp": 1751383941.6225767, "_runtime": 164.5015037059784, "_step": 97, "_wandb": {"runtime": 164}}