{"epoch": 14, "train_loss": [7119.0576171875, 7670.87939453125, 7665.921875, 7184.318359375, 7312.96142578125, 7829.416015625, 7558.01806640625, 7658.576171875, 8031.4287109375, 1.0142616033554077, 1.0601953268051147, 7809.44140625, 1.0296274423599243, 7705.6943359375, 1.012851595878601, 8166.8056640625, 1.046769380569458, 7698.4345703125, 7889.75048828125, 7635.99755859375, 7836.9921875, 7933.6787109375, 0.9391493201255798, 7722.16357421875, 1.0137559175491333, 1.0341804027557373, 7694.3134765625, 0.989090621471405, 1.015600562095642, 7321.6904296875, 0.9680196642875671, 7684.40869140625, 7779.265625, 8038.3935546875, 1.0203700065612793, 0.9706732630729675], "val_loss": 0.7577750086784363, "test_loss": 0.6944108009338379, "_timestamp": 1751382893.5609329, "_runtime": 159.45964097976685, "_step": 49, "_wandb": {"runtime": 159}}