{"epoch": 22, "train_loss": [15284.693359375, 15203.1904296875, 15477.0478515625, 15291.5087890625, 14739.8876953125, 15340.7490234375, 14562.5078125, 15258.3359375, 13817.0771484375, 14521.7197265625, 15063.0615234375, 14504.5322265625, 14919.599609375, 1.000017762184143, 14966.5927734375, 15147.39453125, 14711.3837890625, 15078.89453125], "val_loss": 0.7461807131767273, "test_loss": 0.6820189356803894, "_timestamp": 1751412577.942518, "_runtime": 137.79656195640564, "_step": 72, "_wandb": {"runtime": 137}}