{"epoch": 7, "train_loss": [6746.37939453125, 0.942378580570221, 7273.96875, 7172.400390625, 7147.64306640625, 0.9604911208152771, 7232.5390625, 6953.7294921875, 6597.142578125, 7338.419921875, 0.8635903596878052, 7029.1572265625, 7217.83544921875, 7247.3046875, 7294.3388671875, 0.9548962712287903, 7260.1953125, 0.9296877384185791, 7542.1376953125, 0.9845202565193176, 7503.06640625, 0.9392907619476318, 7276.1640625, 6888.60595703125, 7262.900390625, 7267.11328125, 6885.81298828125, 0.945042073726654, 7394.0302734375, 6638.6259765625, 7317.60009765625, 7354.7109375, 0.9633759260177612, 7292.2158203125, 7267.1318359375, 0.9782577753067017], "val_loss": 0.7526054382324219, "test_loss": 0.6884232759475708, "_timestamp": 1751377663.024981, "_runtime": 93.79555201530457, "_step": 25, "_wandb": {"runtime": 93}}