{"epoch": 32, "train_loss": [7083.4716796875, 7708.154296875, 7630.0283203125, 7522.6552734375, 0.9956638813018799, 7711.75244140625, 7736.75048828125, 7843.89453125, 0.9504613280296326, 7587.7265625, 7383.75146484375, 7602.00146484375, 6994.24853515625, 7765.47509765625, 1.0058672428131104, 7668.39404296875, 7538.38671875, 7609.314453125, 7097.767578125, 7709.2138671875, 1.0029926300048828, 8023.033203125, 7615.388671875, 7584.7060546875, 7937.7080078125, 1.004830241203308, 7848.98779296875, 7832.62060546875, 7195.0361328125, 7773.5517578125, 7726.330078125, 0.9553157687187195, 1.0194321870803833, 1.000415325164795, 7854.67041015625, 1.0416460037231445], "val_loss": 0.7471579313278198, "test_loss": 0.6833708882331848, "_timestamp": 1751402604.1953006, "_runtime": 292.5705215930939, "_step": 82, "_wandb": {"runtime": 292}}