{"epoch": 37, "train_loss": [7760.0185546875, 7722.5576171875, 7529.9296875, 7702.31201171875, 7405.50146484375, 7597.92724609375, 6954.72314453125, 1.0107530355453491, 0.9854938983917236, 0.9987319707870483, 1.0209777355194092, 7464.5361328125, 6975.27197265625, 7392.91455078125, 7631.009765625, 7889.3193359375, 7659.7373046875, 7026.95654296875, 0.9836886525154114, 0.9317336678504944, 7644.50048828125, 7567.74462890625, 7729.814453125, 7265.09619140625, 7546.88720703125, 7760.07958984375, 7947.89111328125, 1.0105856657028198, 0.9775604605674744, 0.9169316291809082, 7692.7099609375, 0.9919767379760742, 7638.1513671875, 0.9988769888877869, 7295.10791015625, 7590.4375], "val_loss": 0.7478310465812683, "test_loss": 0.6828915476799011, "_timestamp": 1751389513.8725348, "_runtime": 245.82103180885315, "_step": 82, "_wandb": {"runtime": 246}}