{"epoch": 17, "train_loss": [7001.36865234375, 7499.4609375, 7279.8740234375, 0.9379845261573792, 0.9475241899490356, 0.9406854510307312, 0.9019694924354553, 0.9588454961776733, 0.9683719873428345, 7566.63818359375, 7169.66796875, 7304.34375, 7092.94091796875, 0.955579936504364, 0.9541392922401428, 7331.3359375, 6791.2822265625, 7336.5263671875, 0.9464705586433411, 0.9803666472434998, 0.956836998462677, 7531.9326171875, 0.9499130845069885, 7284.1728515625, 6849.90478515625, 0.9651474952697754, 7267.54736328125, 0.9298770427703857, 6699.775390625, 7718.189453125, 7150.9775390625, 6581.9404296875, 6835.736328125, 7236.3662109375, 7456.2431640625, 0.9495285153388977], "val_loss": 0.7473440170288086, "test_loss": 0.680932343006134, "_timestamp": 1751379981.4267695, "_runtime": 177.33173656463623, "_step": 58, "_wandb": {"runtime": 177}}