{"epoch": 35, "train_loss": [0.9486796259880066, 7315.59423828125, 7213.88232421875, 7319.26318359375, 7327.25830078125, 0.9471634030342102, 7314.2216796875, 0.9282959699630737, 7203.64990234375, 0.9581529498100281, 7224.92626953125, 7395.03466796875, 6764.90185546875, 7125.30908203125, 6824.1494140625, 6683.57666015625, 0.9582930207252502, 7264.4306640625, 7009.724609375, 6990.7421875, 0.9667680859565735, 0.8628731369972229, 7311.65234375, 6873.8525390625, 7057.021484375, 7254.669921875, 7452.046875, 7452.0205078125, 0.945937991142273, 7366.17138671875, 7514.34619140625, 0.9389549493789673, 6603.705078125, 7093.56689453125, 7324.23046875, 7205.23828125], "val_loss": 0.7334336042404175, "test_loss": 0.6686236262321472, "_timestamp": 1751420581.84915, "_runtime": 265.52469992637634, "_step": 74, "_wandb": {"runtime": 265}}