{"epoch": 25, "train_loss": [1.0155079364776611, 1.0151156187057495, 15090.53125, 15619.623046875, 15245.439453125, 15122.427734375, 15078.7119140625, 1.0042527914047241, 15119.205078125, 0.9710569381713867, 14838.3916015625, 15061.962890625, 15090.5517578125, 0.971660852432251, 14464.7822265625, 14422.0810546875, 0.9526368975639343, 0.9659978747367859], "val_loss": 0.750665545463562, "test_loss": 0.6854496598243713, "_timestamp": 1751385719.9488635, "_runtime": 128.14090657234192, "_step": 75, "_wandb": {"runtime": 128}}