{"epoch": 32, "train_loss": [28515.90625, 29216.75, 29429.681640625, 29880.564453125, 29988.29296875, 0.9560000896453857, 30140.2890625, 28466.46875, 0.9554985761642456], "val_loss": 0.7442365884780884, "test_loss": 0.6837278604507446, "_timestamp": 1751414795.898266, "_runtime": 109.53713512420654, "_step": 82, "_wandb": {"runtime": 109}}