{"epoch": 39, "train_loss": [14624.6953125, 0.9593302607536316, 14397.93359375, 14968.9130859375, 15219.4482421875, 15074.9462890625, 0.9920448660850525, 14499.939453125, 15038.6025390625, 14955.4970703125, 15224.2294921875, 0.9834409356117249, 15343.6435546875, 14891.666015625, 15100.4794921875, 15140.5927734375, 0.9837560653686523, 15331.0185546875], "val_loss": 0.7406325936317444, "test_loss": 0.6767981052398682, "_timestamp": 1751417310.586054, "_runtime": 169.50620102882385, "_step": 89, "_wandb": {"runtime": 169}}