{"epoch": 37, "train_loss": [13659.76953125, 14415.0322265625, 14022.0771484375, 13885.7685546875, 14140.314453125, 14245.3408203125, 13635.3759765625, 14196.8466796875, 0.9422187805175781, 14465.74609375, 14231.162109375, 14339.9013671875, 14003.64453125, 14566.6845703125, 14554.2421875, 13609.0625, 13369.0830078125, 0.9306389689445496], "val_loss": 0.7347182631492615, "test_loss": 0.6689808964729309, "_timestamp": 1751404469.9954863, "_runtime": 117.88535237312317, "_step": 54, "_wandb": {"runtime": 117}}