{"epoch": 13, "train_loss": [14418.2490234375, 14886.5107421875, 15054.2587890625, 15093.9736328125, 15206.6630859375, 14538.796875, 14524.5927734375, 14892.3515625, 0.9988577365875244, 15382.4375, 0.974998950958252, 15144.8818359375, 15258.423828125, 0.9888896942138672, 14763.3828125, 14364.8427734375, 0.9190614223480225, 15189.3603515625], "val_loss": 0.7508780360221863, "test_loss": 0.6859420537948608, "_timestamp": 1751375347.5716941, "_runtime": 108.69207119941711, "_step": 63, "_wandb": {"runtime": 108}}