{"epoch": 23, "train_loss": [7598.17333984375, 7236.04931640625, 7015.30859375, 7577.30859375, 7639.33837890625, 7577.9453125, 7597.8681640625, 7461.8349609375, 0.9927459359169006, 0.9268885850906372, 7497.48046875, 1.0401545763015747, 7469.3408203125, 7605.982421875, 7707.02880859375, 7545.3203125, 7215.572265625, 7710.33642578125, 7746.64892578125, 7517.00341796875, 7516.49853515625, 1.0199717283248901, 0.984210729598999, 7780.779296875, 7660.43359375, 6980.97021484375, 7549.87890625, 0.9919701218605042, 0.9741939306259155, 7846.6298828125, 1.02382230758667, 6963.4384765625, 0.9475069642066956, 7458.8837890625, 7605.67041015625, 7125.9814453125], "val_loss": 0.7526100277900696, "test_loss": 0.6870990991592407, "_timestamp": 1751391149.7611089, "_runtime": 224.07807278633118, "_step": 73, "_wandb": {"runtime": 224}}