{"epoch": 26, "train_loss": [6669.99365234375, 7560.4580078125, 7120.556640625, 0.9553523659706116, 7055.81494140625, 7255.2724609375, 7360.80859375, 0.9364634156227112, 7215.7470703125, 7185.5791015625, 6844.05224609375, 0.9680382609367371, 0.9228824973106384, 0.9687535762786865, 7432.4189453125, 0.9457685351371765, 0.8771988153457642, 6719.48828125, 6643.029296875, 7165.15283203125, 7123.83984375, 7165.7890625, 7281.5537109375, 7178.5068359375, 7240.26708984375, 7196.46630859375, 7118.982421875, 7270.9990234375, 0.9458610415458679, 6903.60986328125, 7336.7890625, 0.9527552723884583, 0.9648963212966919, 7352.2421875, 6761.69921875, 7209.22216796875], "val_loss": 0.7443556785583496, "test_loss": 0.6781871318817139, "_timestamp": 1751373739.7400856, "_runtime": 204.80721259117126, "_step": 67, "_wandb": {"runtime": 205}}