{"epoch": 45, "train_loss": [30640.810546875, 0.9917080998420715, 0.9820009469985962, 0.9556545615196228, 29438.265625, 30232.068359375, 30603.353515625, 30575.845703125, 30400.439453125], "val_loss": 0.7465357780456543, "test_loss": 0.6882959008216858, "_timestamp": 1751393618.1349802, "_runtime": 94.14284110069275, "_step": 95, "_wandb": {"runtime": 93}}