{"epoch": 27, "train_loss": [6978.6748046875, 0.9679197669029236, 7372.68359375, 7412.6904296875, 7449.5546875, 7527.7802734375, 0.9659278988838196, 7436.03564453125, 7415.0078125, 7616.744140625, 7483.0166015625, 7314.73046875, 0.9254547357559204, 0.9765622615814209, 7390.07568359375, 7511.93798828125, 7436.2607421875, 7359.8662109375, 0.9250497221946716, 6812.28955078125, 7388.7978515625, 7494.1259765625, 7553.173828125, 0.9717043042182922, 6792.7109375, 0.9270530343055725, 0.971051812171936, 7397.916015625, 6826.80126953125, 7355.71484375, 7734.88671875, 7633.53271484375, 0.9980580806732178, 7569.31201171875, 0.9914004802703857, 7256.75634765625], "val_loss": 0.7439489364624023, "test_loss": 0.6784201264381409, "_timestamp": 1751390284.9719691, "_runtime": 148.2241132259369, "_step": 48, "_wandb": {"runtime": 148}}