{"epoch": 49, "train_loss": [6830.13720703125, 7364.736328125, 0.8581036925315857, 0.9444075226783752, 0.9011732339859009, 6821.84814453125, 7164.82666015625, 0.8591576218605042, 7268.119140625, 7201.5986328125, 0.9321010112762451, 0.9483639597892761, 0.869946300983429, 7260.2783203125, 0.9210905432701111, 7156.33642578125, 7124.095703125, 0.9136093258857727, 7427.185546875, 0.9408990740776062, 7371.09375, 6940.7099609375, 7183.2333984375, 0.9389855861663818, 7202.412109375, 7357.9619140625, 7426.5205078125, 7257.96630859375, 7365.8154296875, 7226.07861328125, 7164.33984375, 7417.71826171875, 7214.5185546875, 0.9505936503410339, 7246.76708984375, 6694.8623046875], "val_loss": 0.7336065769195557, "test_loss": 0.6679730415344238, "_timestamp": 1751395897.797943, "_runtime": 237.86160516738892, "_step": 68, "_wandb": {"runtime": 237}}