{"epoch": 7, "train_loss": [0.9691396951675415, 7404.6689453125, 7295.39599609375, 0.9179083108901978, 0.9717440605163574, 6972.31689453125, 7295.931640625, 7372.5771484375, 7309.44775390625, 0.9845532774925232, 6874.5556640625, 7273.0087890625, 7675.78173828125, 7390.9404296875, 7373.384765625, 7191.4345703125, 1.0032036304473877, 0.9324920177459717, 7409.27978515625, 7587.4423828125, 7414.8642578125, 7409.29638671875, 7479.2236328125, 0.8998438119888306, 0.9720030426979065, 7280.18408203125, 7520.66259765625, 7216.091796875, 7477.49462890625, 6996.9931640625, 7534.31640625, 7557.07568359375, 6825.3642578125, 7483.8193359375, 7354.4853515625, 7321.09619140625], "val_loss": 0.7496390342712402, "test_loss": 0.6854379177093506, "_timestamp": 1751370339.5975642, "_runtime": 87.466548204422, "_step": 23, "_wandb": {"runtime": 86}}