{"epoch": 40, "train_loss": [7239.71923828125, 7334.03125, 6979.91162109375, 7565.5, 0.9706956148147583, 7336.5859375, 6742.0927734375, 7104.03564453125, 6941.86474609375, 0.9334995746612549, 7380.38720703125, 7304.31005859375, 7110.0869140625, 7089.90771484375, 6818.81787109375, 7255.06884765625, 0.9585298299789429, 7404.68798828125, 0.9529337286949158, 7357.25439453125, 7233.40478515625, 6607.80029296875, 7562.505859375, 7167.77001953125, 0.9525288343429565, 7214.99951171875, 7202.5546875, 7271.56298828125, 7246.64453125, 7264.4228515625, 6590.0419921875, 0.8702568411827087, 0.9400342702865601, 0.9617434144020081, 7212.85546875, 7248.62939453125], "val_loss": 0.7330350875854492, "test_loss": 0.6685816049575806, "_timestamp": 1751400697.8473487, "_runtime": 275.37820172309875, "_step": 78, "_wandb": {"runtime": 275}}