{"epoch": 30, "train_loss": [0.9930789470672607, 29350.3671875, 30194.515625, 0.9680818915367126, 29209.7578125, 0.9930496215820312, 0.9613794088363647, 30131.833984375, 1.0077636241912842], "val_loss": 0.752607524394989, "test_loss": 0.6924638152122498, "_timestamp": 1751415393.07529, "_runtime": 110.02478384971619, "_step": 80, "_wandb": {"runtime": 109}}