{"epoch": 34, "train_loss": [14943.24609375, 1.0099239349365234, 15044.2509765625, 15634.205078125, 15421.0791015625, 15002.2685546875, 15331.9853515625, 15125.6943359375, 14781.3408203125, 1.0145765542984009, 15557.85546875, 15178.6123046875, 1.0139726400375366, 0.9935823678970337, 1.0003129243850708, 15593.1572265625, 14845.8896484375, 15369.896484375], "val_loss": 0.749290406703949, "test_loss": 0.6836779117584229, "_timestamp": 1751413639.94945, "_runtime": 164.38295006752014, "_step": 84, "_wandb": {"runtime": 164}}