{"epoch": 24, "train_loss": [0.9718853235244751, 7547.92626953125, 6835.6044921875, 7251.1796875, 7422.19775390625, 6854.82470703125, 1.006179928779602, 7381.974609375, 7533.669921875, 7418.34326171875, 7539.81982421875, 7319.44384765625, 0.9122428297996521, 7509.271484375, 7574.58349609375, 7265.70166015625, 7351.6962890625, 0.921714723110199, 7419.224609375, 7384.52978515625, 7296.654296875, 7435.3896484375, 7049.5654296875, 0.9458144307136536, 1.000349521636963, 0.9016051292419434, 7349.36474609375, 1.0015099048614502, 7538.7314453125, 6778.05615234375, 7623.5380859375, 7442.2431640625, 7557.107421875, 7461.052734375, 7432.3310546875, 7352.44189453125], "val_loss": 0.7386459708213806, "test_loss": 0.6725637912750244, "_timestamp": 1751392513.8183455, "_runtime": 159.62781643867493, "_step": 54, "_wandb": {"runtime": 159}}