{"epoch": 27, "train_loss": [7191.49169921875, 7400.65625, 6739.69482421875, 0.9074351191520691, 7338.83837890625, 6770.5830078125, 7542.53857421875, 7537.07275390625, 7405.4033203125, 0.8832629323005676, 7636.6904296875, 7028.7890625, 7444.103515625, 0.9625735878944397, 7236.66650390625, 7485.5458984375, 7466.12451171875, 7384.607421875, 7610.59521484375, 7435.34765625, 7433.07080078125, 7635.265625, 1.0022467374801636, 7144.5, 7214.9951171875, 7447.10791015625, 7364.548828125, 0.981072723865509, 0.9729632139205933, 0.9733254909515381, 7512.9755859375, 7476.88330078125, 0.92338627576828, 7428.57763671875, 7579.291015625, 0.9548801779747009], "val_loss": 0.7429361939430237, "test_loss": 0.6773661971092224, "_timestamp": 1751381370.9825559, "_runtime": 156.58150386810303, "_step": 66, "_wandb": {"runtime": 156}}