{"epoch": 14, "train_loss": [29905.03515625, 30053.97265625, 30066.1171875, 30409.39453125, 29478.896484375, 29451.630859375, 29332.40234375, 0.9568474292755127, 0.9593752026557922], "val_loss": 0.7547627687454224, "test_loss": 0.6934521794319153, "_timestamp": 1751414511.750638, "_runtime": 119.78526091575623, "_step": 64, "_wandb": {"runtime": 119}}