{"epoch": 43, "train_loss": [7302.32421875, 0.9589928388595581, 0.9313149452209473, 0.9516207575798035, 7244.5205078125, 0.9575744271278381, 7452.4423828125, 6637.8642578125, 0.9641507863998413, 7058.97900390625, 7221.1904296875, 0.9293949007987976, 0.8946694135665894, 7255.3916015625, 7393.9658203125, 7218.0322265625, 7416.05859375, 7448.27783203125, 7274.376953125, 0.9870124459266663, 0.9613502025604248, 0.8993868827819824, 0.9524956345558167, 0.9600704312324524, 7383.75341796875, 6656.662109375, 7318.06884765625, 0.9713401794433594, 6693.638671875, 0.9767890572547913, 7298.70947265625, 0.9141911268234253, 7597.6630859375, 7504.89111328125, 0.9676657319068909, 7397.380859375], "val_loss": 0.7364386320114136, "test_loss": 0.6710641980171204, "_timestamp": 1751410550.6119802, "_runtime": 304.3190472126007, "_step": 89, "_wandb": {"runtime": 304}}