{"epoch": 27, "train_loss": [7423.38134765625, 0.944157600402832, 7443.203125, 7238.92333984375, 0.9511786103248596, 7330.474609375, 7026.69140625, 7332.10693359375, 0.9172818660736084, 0.8749321103096008, 6876.0244140625, 7199.9814453125, 7346.3662109375, 0.9068590998649597, 0.9560244083404541, 7378.1875, 0.9484795331954956, 7511.755859375, 7303.37890625, 7308.26708984375, 7609.58837890625, 7258.4814453125, 0.892153263092041, 0.9696905016899109, 7338.5205078125, 7414.0556640625, 7076.62158203125, 0.8759574294090271, 7152.52099609375, 0.9492274522781372, 7373.5654296875, 7328.822265625, 7152.9931640625, 0.8840718865394592, 0.9745736122131348, 0.9478559494018555], "val_loss": 0.7459704875946045, "test_loss": 0.678084135055542, "_timestamp": 1751375020.1912897, "_runtime": 164.34595561027527, "_step": 52, "_wandb": {"runtime": 164}}