{"epoch": 49, "train_loss": [0.9059476852416992, 7242.1376953125, 7163.69580078125, 7250.240234375, 7293.44580078125, 0.9470785856246948, 0.9480527639389038, 7496.7236328125, 7215.1015625, 7260.2529296875, 7413.5546875, 7331.7470703125, 0.9475591778755188, 7255.462890625, 7242.73828125, 0.924993097782135, 7151.8525390625, 7304.3828125, 6667.875, 7143.8671875, 0.9777830243110657, 0.9893121719360352, 0.8855204582214355, 7316.7119140625, 0.9678950905799866, 6886.21728515625, 7341.93115234375, 6654.04052734375, 0.9419673681259155, 6629.60791015625, 7258.02685546875, 0.9621671438217163, 0.9595045447349548, 7106.9423828125, 0.9176889061927795, 0.9541365504264832], "val_loss": 0.7339409589767456, "test_loss": 0.6685183048248291, "_timestamp": 1751409706.589396, "_runtime": 237.56485509872437, "_step": 70, "_wandb": {"runtime": 237}}