{"epoch": 11, "train_loss": [14905.1279296875, 0.9852452278137207, 14869.3447265625, 15134.4931640625, 0.9648337364196777, 14501.5048828125, 14754.6474609375, 0.9774469137191772, 14817.357421875, 14472.271484375, 0.992313802242279, 14732.7880859375, 14725.0576171875, 0.933300793170929, 14348.1796875, 15234.140625, 14817.763671875, 0.9346252083778381], "val_loss": 0.7478647232055664, "test_loss": 0.6845396161079407, "_timestamp": 1751374431.5330787, "_runtime": 80.20132756233215, "_step": 42, "_wandb": {"runtime": 79}}