{"epoch": 33, "train_loss": [0.9055177569389343, 0.996425211429596, 7310.013671875, 7664.80078125, 7557.20556640625, 7435.94775390625, 0.9735581278800964, 0.9878662824630737, 0.9779720902442932, 1.0102022886276245, 0.9961770176887512, 0.9751860499382019, 7098.294921875, 6839.986328125, 0.985573410987854, 7389.068359375, 7640.05078125, 7683.1689453125, 6952.8310546875, 7464.765625, 0.9665157198905945, 7398.87646484375, 7348.814453125, 7520.7841796875, 7383.1689453125, 0.9322469234466553, 7653.87255859375, 6887.7548828125, 0.9837414026260376, 0.9876317977905273, 7405.05859375, 7491.025390625, 7372.39990234375, 7839.7041015625, 7079.1982421875, 7613.28515625], "val_loss": 0.7490073442459106, "test_loss": 0.6852820515632629, "_timestamp": 1751369949.178138, "_runtime": 237.5497019290924, "_step": 83, "_wandb": {"runtime": 236}}