{"epoch": 21, "train_loss": [7123.63330078125, 0.9640839099884033, 6722.33251953125, 7425.42578125, 0.9563063979148865, 7093.94580078125, 7233.0732421875, 0.9010637998580933, 7325.556640625, 7205.97705078125, 7013.66455078125, 7240.220703125, 7152.7138671875, 7240.37158203125, 0.9233675003051758, 7291.12890625, 6982.84423828125, 6662.23046875, 7236.59130859375, 7106.88916015625, 7391.48193359375, 0.946942925453186, 0.9401673078536987, 7189.53076171875, 7294.17236328125, 0.9490005373954773, 7273.443359375, 7473.18310546875, 6548.013671875, 6805.1064453125, 7338.2197265625, 7528.22509765625, 7426.220703125, 0.9595136642456055, 7366.7314453125, 6589.65234375], "val_loss": 0.7435522079467773, "test_loss": 0.6765488982200623, "_timestamp": 1751379162.879235, "_runtime": 135.3078010082245, "_step": 43, "_wandb": {"runtime": 135}}