{"epoch": 36, "train_loss": [14677.36328125, 14135.443359375, 0.9714681506156921, 13855.7783203125, 14629.685546875, 14721.1865234375, 14975.6953125, 14235.6982421875, 14232.5322265625, 0.9376760125160217, 15004.0712890625, 14637.0107421875, 0.9754538536071777, 14660.291015625, 0.9635765552520752, 14843.2783203125, 15063.9560546875, 14447.0], "val_loss": 0.7408255934715271, "test_loss": 0.6747623682022095, "_timestamp": 1751394015.3179061, "_runtime": 151.51882123947144, "_step": 86, "_wandb": {"runtime": 151}}