{"epoch": 5, "train_loss": [15331.822265625, 14620.3818359375, 0.9912624955177307, 0.9807532429695129, 0.9758553504943848, 15151.3125, 15088.919921875, 14230.47265625, 15386.521484375, 15009.2138671875, 14693.2509765625, 14445.53125, 0.9763123393058777, 15020.6318359375, 14958.7705078125, 15465.5341796875, 15116.490234375, 0.9674110412597656], "val_loss": 0.75355464220047, "test_loss": 0.6882708072662354, "_timestamp": 1751388207.06499, "_runtime": 73.02154397964478, "_step": 38, "_wandb": {"runtime": 73}}