{"epoch": 42, "train_loss": [7417.669921875, 7189.3037109375, 0.9637610912322998, 7025.20458984375, 6743.751953125, 7473.85400390625, 7382.615234375, 0.9645829796791077, 7410.07421875, 0.9595439434051514, 7318.1943359375, 0.9699819684028625, 7558.64306640625, 0.9556191563606262, 7302.451171875, 0.9195380210876465, 7442.78955078125, 0.9674915075302124, 7003.2060546875, 7340.796875, 7329.81884765625, 7632.98193359375, 6790.66357421875, 7486.3212890625, 7253.2626953125, 0.9973963499069214, 0.9695541262626648, 6721.33203125, 7311.34765625, 0.9862650036811829, 7433.6865234375, 7236.47509765625, 6892.0, 7500.10400390625, 7352.5849609375, 7273.1162109375], "val_loss": 0.7338761687278748, "test_loss": 0.6711733937263489, "_timestamp": 1751386131.3956113, "_runtime": 202.57531237602234, "_step": 70, "_wandb": {"runtime": 202}}