{"epoch": 46, "train_loss": [0.9591788649559021, 15533.84765625, 15791.404296875, 0.951775074005127, 15411.416015625, 1.0006451606750488, 14967.0205078125, 15534.537109375, 1.0036565065383911, 1.0029457807540894, 0.9663488864898682, 15110.91796875, 14980.1298828125, 14715.6708984375, 15440.884765625, 15510.783203125, 0.9899135231971741, 1.0183037519454956], "val_loss": 0.7496124505996704, "test_loss": 0.6865332722663879, "_timestamp": 1751395306.3701599, "_runtime": 150.76479196548462, "_step": 96, "_wandb": {"runtime": 151}}