{"epoch": 41, "train_loss": [31650.216796875, 30678.52734375, 30435.5234375, 31049.0546875, 1.006820559501648, 0.9896945357322693, 31089.162109375, 31489.95703125, 30711.693359375], "val_loss": 0.7533274292945862, "test_loss": 0.6964168548583984, "_timestamp": 1751397352.0702307, "_runtime": 104.83127164840698, "_step": 91, "_wandb": {"runtime": 104}}