{"epoch": 41, "train_loss": [14730.044921875, 13922.02734375, 14625.7060546875, 14602.509765625, 0.9820608496665955, 0.9208004474639893, 14407.2001953125, 13903.3251953125, 0.9808001518249512, 0.9592708945274353, 0.8795356154441833, 14256.3330078125, 0.9264999628067017, 14676.8564453125, 14148.5029296875, 0.9499298334121704, 0.9668951034545898, 0.9579304456710815], "val_loss": 0.7398028373718262, "test_loss": 0.6722537875175476, "_timestamp": 1751386459.275493, "_runtime": 151.09278392791748, "_step": 91, "_wandb": {"runtime": 151}}