{"epoch": 5, "train_loss": [7468.31005859375, 7582.248046875, 7677.65625, 7309.359375, 7486.2197265625, 6894.767578125, 7516.173828125, 1.0238436460494995, 6860.744140625, 7614.1943359375, 7150.8125, 7182.23486328125, 7634.337890625, 7636.26171875, 0.9810876846313477, 7601.48828125, 7859.0966796875, 7505.828125, 7568.24462890625, 7108.6513671875, 0.9650153517723083, 7672.7626953125, 1.0074671506881714, 0.9855726361274719, 0.9796279668807983, 6838.58740234375, 7504.85693359375, 7402.79345703125, 7466.7255859375, 7778.63671875, 0.9591265320777893, 6998.1826171875, 7398.859375, 0.9891080856323242, 7378.890625, 0.9678594470024109], "val_loss": 0.7492865324020386, "test_loss": 0.683146059513092, "_timestamp": 1751404188.380822, "_runtime": 198.70074105262756, "_step": 52, "_wandb": {"runtime": 199}}