{"epoch": 49, "train_loss": [0.9509150385856628, 1.0185778141021729, 7385.64306640625, 7862.21484375, 7932.3505859375, 1.0551297664642334, 7917.26953125, 1.0594836473464966, 7783.27587890625, 7898.68505859375, 7855.5283203125, 8105.865234375, 7711.455078125, 7296.88232421875, 7971.91015625, 7857.75732421875, 7531.119140625, 7996.4033203125, 7447.6455078125, 7960.6826171875, 1.0334688425064087, 7547.75634765625, 7716.3466796875, 7779.7373046875, 1.0354588031768799, 7909.9482421875, 1.084515929222107, 8010.0791015625, 1.0652834177017212, 7992.77783203125, 0.9449830055236816, 7849.267578125, 1.0435580015182495, 1.0697039365768433, 7899.5556640625, 7730.9970703125], "val_loss": 0.7566242218017578, "test_loss": 0.6956185102462769, "_timestamp": 1751375950.6928604, "_runtime": 277.6560914516449, "_step": 99, "_wandb": {"runtime": 277}}