{"epoch": 41, "train_loss": [0.9108437299728394, 6676.91357421875, 7098.44189453125, 0.933856189250946, 7078.28515625, 7197.97509765625, 0.9163423776626587, 7139.39306640625, 7192.5087890625, 0.9227442145347595, 6891.3173828125, 7023.80615234375, 7130.19677734375, 7102.33154296875, 7249.35791015625, 6609.33447265625, 7041.21533203125, 7203.70849609375, 0.9420425295829773, 7395.22998046875, 7226.34912109375, 7443.79541015625, 0.9560744166374207, 6512.45166015625, 7140.8046875, 6465.3623046875, 6938.75439453125, 7171.25146484375, 7246.2431640625, 7220.42041015625, 0.9539516568183899, 7103.20263671875, 0.9292556047439575, 6526.24169921875, 6708.45263671875, 7128.14599609375], "val_loss": 0.7369561195373535, "test_loss": 0.6694996356964111, "_timestamp": 1751379002.5741727, "_runtime": 212.35726475715637, "_step": 71, "_wandb": {"runtime": 212}}