{"epoch": 45, "train_loss": [0.9038469195365906, 0.9524922966957092, 7413.10009765625, 0.9714934825897217, 6795.87890625, 7422.41943359375, 7350.4111328125, 7710.548828125, 0.952691912651062, 7281.7666015625, 7514.123046875, 0.943932831287384, 7056.79296875, 7403.86962890625, 7584.08984375, 7516.16748046875, 7361.9248046875, 7380.4921875, 6720.0654296875, 7475.75927734375, 6901.5546875, 7405.69921875, 7464.8828125, 7550.54150390625, 0.9707254767417908, 7396.552734375, 7175.7724609375, 7420.845703125, 0.9651829600334167, 7441.8994140625, 7442.0703125, 7083.1435546875, 6741.19580078125, 7376.30712890625, 7375.458984375, 7201.63818359375], "val_loss": 0.7411933541297913, "test_loss": 0.6743274331092834, "_timestamp": 1751374325.068471, "_runtime": 245.60434699058533, "_step": 85, "_wandb": {"runtime": 245}}