{"epoch": 43, "train_loss": [0.9944664835929871, 7592.4599609375, 7160.4599609375, 0.992225706577301, 7608.8740234375, 7775.107421875, 0.9907940030097961, 7427.0029296875, 6994.6083984375, 7812.0029296875, 0.9957355856895447, 7769.2001953125, 7248.5673828125, 0.974375307559967, 7639.2294921875, 7639.13720703125, 7688.759765625, 7112.68359375, 7291.63232421875, 7491.12548828125, 7670.9736328125, 7516.79150390625, 7776.2607421875, 1.0069926977157593, 7001.6669921875, 7603.876953125, 7638.265625, 1.0246299505233765, 7728.1025390625, 7577.90576171875, 7613.7314453125, 1.0142320394515991, 0.9920542240142822, 7481.87646484375, 0.981316328048706, 7020.1259765625], "val_loss": 0.7443485856056213, "test_loss": 0.6813383102416992, "_timestamp": 1751388469.0652168, "_runtime": 234.12978982925415, "_step": 87, "_wandb": {"runtime": 234}}