{"epoch": 39, "train_loss": [6768.267578125, 7500.14892578125, 7618.18505859375, 7557.42919921875, 6964.27197265625, 7159.2685546875, 7533.38037109375, 0.99564129114151, 0.9821844696998596, 7392.27099609375, 0.9212237000465393, 7700.46630859375, 7558.81005859375, 0.906807541847229, 7311.53564453125, 7515.466796875, 7425.7080078125, 7692.46533203125, 7276.1474609375, 7602.00439453125, 1.0098164081573486, 0.9782025218009949, 0.9826171398162842, 7762.59619140625, 7290.92822265625, 6817.09130859375, 7434.01318359375, 0.9824434518814087, 7159.31103515625, 7647.20458984375, 0.9723227024078369, 0.9873929023742676, 0.9795209169387817, 7467.37548828125, 0.9705604910850525, 7529.88427734375], "val_loss": 0.7398988604545593, "test_loss": 0.6759836077690125, "_timestamp": 1751383586.6459403, "_runtime": 177.25006341934204, "_step": 59, "_wandb": {"runtime": 177}}