{"epoch": 43, "train_loss": [29217.85546875, 28835.439453125, 29099.01171875, 0.9626888036727905, 28647.951171875, 29022.5703125, 28286.755859375, 29023.89453125, 28565.56640625], "val_loss": 0.7386810183525085, "test_loss": 0.6792006492614746, "_timestamp": 1751400248.2511742, "_runtime": 119.82682824134827, "_step": 93, "_wandb": {"runtime": 119}}