{"epoch": 38, "train_loss": [7569.54443359375, 7637.46484375, 0.9553908109664917, 6886.29150390625, 0.9693505167961121, 7581.29150390625, 1.01324462890625, 0.9296424984931946, 7549.64111328125, 7619.50732421875, 7620.994140625, 0.9914595484733582, 7557.98388671875, 0.9920854568481445, 1.006450891494751, 7646.4638671875, 7408.37353515625, 7078.97509765625, 1.0030429363250732, 1.0176230669021606, 7788.36279296875, 6960.28076171875, 1.0180789232254028, 7760.07568359375, 7598.86181640625, 1.0090343952178955, 7797.09130859375, 7661.76220703125, 6993.97900390625, 7883.71533203125, 7615.93505859375, 7450.05810546875, 0.9522891044616699, 0.9847248792648315, 7551.33154296875, 7725.29931640625], "val_loss": 0.7427906394004822, "test_loss": 0.679337203502655, "_timestamp": 1751397030.6385593, "_runtime": 172.26927542686462, "_step": 48, "_wandb": {"runtime": 172}}