{"epoch": 27, "train_loss": [7261.6865234375, 0.9746096134185791, 7363.0390625, 7371.0927734375, 0.98842853307724, 7270.1171875, 6667.1953125, 7539.2060546875, 6706.359375, 7283.9033203125, 0.9396798014640808, 7150.056640625, 7043.39599609375, 7419.4677734375, 7300.99169921875, 6860.13720703125, 7212.04150390625, 0.8655723333358765, 7286.4990234375, 0.9578042030334473, 7197.17529296875, 0.965903639793396, 0.9633756279945374, 7365.71630859375, 6990.2431640625, 7313.79931640625, 7285.34033203125, 7138.14404296875, 7423.30810546875, 0.9630613923072815, 7043.98046875, 7312.82763671875, 7335.98583984375, 7336.59228515625, 7514.7880859375, 6742.61474609375], "val_loss": 0.7357946038246155, "test_loss": 0.6696422696113586, "_timestamp": 1751380185.4063857, "_runtime": 175.40647768974304, "_step": 57, "_wandb": {"runtime": 175}}