{"epoch": 31, "train_loss": [15108.8701171875, 15241.9033203125, 0.9527749419212341, 1.0073930025100708, 14782.3076171875, 0.9906230568885803, 1.00985586643219, 0.9971752166748047, 15292.7314453125, 0.9841781258583069, 14644.564453125, 15310.701171875, 15141.1005859375, 1.0096197128295898, 14962.6240234375, 14694.6298828125, 15365.6875, 15268.587890625], "val_loss": 0.7491630911827087, "test_loss": 0.6842443943023682, "_timestamp": 1751399010.1240864, "_runtime": 166.89331531524658, "_step": 81, "_wandb": {"runtime": 167}}