{"epoch": 18, "train_loss": [14706.58203125, 14501.201171875, 13921.3291015625, 14400.46484375, 14488.046875, 0.9536973237991333, 14690.4150390625, 0.9534281492233276, 14804.2607421875, 14365.56640625, 0.9702032208442688, 13545.7802734375, 0.9679753184318542, 14071.1748046875, 14268.2626953125, 0.9665650725364685, 14248.869140625, 14163.6435546875], "val_loss": 0.7438876032829285, "test_loss": 0.6765669584274292, "_timestamp": 1751393298.6542156, "_runtime": 89.25386452674866, "_step": 53, "_wandb": {"runtime": 88}}