{"epoch": 26, "train_loss": [29218.0859375, 0.9986613392829895, 30311.615234375, 30616.880859375, 0.9997269511222839, 0.990463376045227, 30225.296875, 30411.73046875, 29838.150390625], "val_loss": 0.752016007900238, "test_loss": 0.6943975687026978, "_timestamp": 1751364383.20974, "_runtime": 100.60227584838867, "_step": 76, "_wandb": {"runtime": 100}}