{"epoch": 36, "train_loss": [6824.576171875, 7524.013671875, 7389.06884765625, 7217.529296875, 0.9570408463478088, 7350.908203125, 7413.12060546875, 7577.681640625, 0.9074528217315674, 7320.55615234375, 7053.935546875, 7379.0986328125, 6743.54541015625, 7513.76171875, 0.979853630065918, 7407.64208984375, 7218.185546875, 7371.67822265625, 6788.0185546875, 7480.30078125, 0.9753223657608032, 7629.18505859375, 7382.4541015625, 7337.86083984375, 7657.8916015625, 0.963534414768219, 7596.2294921875, 7574.00634765625, 6834.6953125, 7375.37109375, 7464.7109375, 0.9251828193664551, 0.9909142255783081, 0.9647182822227478, 7562.08984375, 1.0078363418579102], "val_loss": 0.7409853339195251, "test_loss": 0.6746166348457336, "_timestamp": 1751399472.664899, "_runtime": 297.5813820362091, "_step": 82, "_wandb": {"runtime": 298}}