{"epoch": 47, "train_loss": [15033.7294921875, 15303.8203125, 0.9635013937950134, 14983.240234375, 0.9624977111816406, 14638.7255859375, 15380.74609375, 14414.525390625, 14526.400390625, 14675.125, 15250.859375, 15145.533203125, 14879.357421875, 15301.9150390625, 14807.818359375, 14940.3662109375, 1.0052247047424316, 15269.08984375], "val_loss": 0.7434723377227783, "test_loss": 0.6793943047523499, "_timestamp": 1751387353.9793932, "_runtime": 156.93773913383484, "_step": 97, "_wandb": {"runtime": 157}}