{"epoch": 35, "train_loss": [7472.6376953125, 7462.267578125, 0.9628292322158813, 7605.75048828125, 0.9687355756759644, 0.9778497219085693, 7484.04296875, 7189.4541015625, 0.9792853593826294, 7634.923828125, 7314.4775390625, 7680.55908203125, 7628.0224609375, 7394.49609375, 7464.26953125, 6871.5751953125, 7434.48291015625, 0.9650037288665771, 6871.7099609375, 7434.7080078125, 7586.6552734375, 0.9269359707832336, 0.9977058172225952, 7508.431640625, 0.9747703671455383, 7511.02294921875, 7351.7734375, 0.9796292781829834, 0.9010113477706909, 7163.90576171875, 7518.087890625, 7048.390625, 7463.94140625, 7716.56494140625, 7488.203125, 7733.2353515625], "val_loss": 0.7416313886642456, "test_loss": 0.6762818098068237, "_timestamp": 1751385123.8285482, "_runtime": 235.19701409339905, "_step": 78, "_wandb": {"runtime": 235}}