{"epoch": 25, "train_loss": [14534.2646484375, 0.9047480821609497, 0.895656168460846, 13773.8232421875, 0.935629665851593, 0.9266799688339233, 0.955994188785553, 14193.38671875, 14624.9482421875, 0.9174917340278625, 14484.2841796875, 14476.587890625, 0.9128010272979736, 0.8949358463287354, 0.9369602799415588, 14519.70703125, 14584.1806640625, 14297.060546875], "val_loss": 0.7409732937812805, "test_loss": 0.674221396446228, "_timestamp": 1751390438.4086754, "_runtime": 127.05817532539368, "_step": 75, "_wandb": {"runtime": 126}}