{"epoch": 47, "train_loss": [7701.96923828125, 7509.06640625, 1.0066416263580322, 7854.7177734375, 7646.919921875, 0.9512178897857666, 7701.9404296875, 7759.0166015625, 0.991798996925354, 7688.3310546875, 7038.6767578125, 7618.26220703125, 0.9963486790657043, 7649.98486328125, 7630.6865234375, 7587.224609375, 1.0113996267318726, 1.0096981525421143, 7513.33984375, 0.9916794896125793, 0.9997031092643738, 7882.978515625, 0.9051720499992371, 7296.3271484375, 7614.26318359375, 7403.765625, 0.9125522971153259, 7668.6572265625, 0.9352194666862488, 0.9658290147781372, 0.9653622508049011, 1.010433316230774, 1.0062692165374756, 6957.78125, 7519.65771484375, 7621.0654296875], "val_loss": 0.741048276424408, "test_loss": 0.6773611307144165, "_timestamp": 1751403411.535253, "_runtime": 331.92141008377075, "_step": 97, "_wandb": {"runtime": 331}}