{"epoch": 20, "train_loss": [14747.6787109375, 15117.82421875, 14960.7177734375, 0.9895549416542053, 14840.6181640625, 0.9483921527862549, 0.9674745202064514, 14722.8076171875, 14590.3115234375, 15142.896484375, 0.9864298701286316, 0.9450854063034058, 14941.375, 0.9489303827285767, 15308.9248046875, 0.972682774066925, 14440.443359375, 15023.162109375], "val_loss": 0.7475898861885071, "test_loss": 0.6833317279815674, "_timestamp": 1751396831.9894626, "_runtime": 115.74912858009338, "_step": 53, "_wandb": {"runtime": 115}}