{"epoch": 42, "train_loss": [0.985842227935791, 0.9203046560287476, 1.0027846097946167, 0.9431332945823669, 7763.05810546875, 0.9087710976600647, 7478.41748046875, 0.9977827668190002, 7427.173828125, 7463.564453125, 7528.0185546875, 7489.005859375, 7468.154296875, 0.9948228597640991, 7406.4599609375, 7352.71240234375, 0.958661675453186, 0.9720099568367004, 0.9771620631217957, 0.9041242003440857, 7713.7509765625, 7042.251953125, 0.945867121219635, 7427.6181640625, 0.970625638961792, 7367.13134765625, 6844.92822265625, 7704.1240234375, 7493.07861328125, 7382.033203125, 7492.365234375, 0.9299693703651428, 7618.5185546875, 0.9653956294059753, 7654.99560546875, 7444.6884765625], "val_loss": 0.7475417852401733, "test_loss": 0.6814142465591431, "_timestamp": 1751366757.829342, "_runtime": 265.4034948348999, "_step": 85, "_wandb": {"runtime": 264}}