{"epoch": 12, "train_loss": [7154.046875, 6931.3408203125, 0.934006929397583, 7262.3671875, 0.9518817067146301, 7326.52880859375, 7386.5068359375, 7201.36572265625, 7190.2890625, 7192.46484375, 7170.5576171875, 0.925834596157074, 6843.4375, 7197.79443359375, 7235.7275390625, 6718.130859375, 7349.65185546875, 7130.6259765625, 7383.248046875, 7357.71240234375, 0.9276943802833557, 0.9567798972129822, 7475.10791015625, 6892.08203125, 0.9578819274902344, 7129.498046875, 7422.81494140625, 0.9532898664474487, 6642.107421875, 7318.71875, 7324.0625, 7217.11279296875, 6964.8173828125, 7415.1123046875, 6588.99462890625, 7290.546875], "val_loss": 0.7469490766525269, "test_loss": 0.6807636022567749, "_timestamp": 1751377823.8458333, "_runtime": 138.7849383354187, "_step": 40, "_wandb": {"runtime": 138}}