{"epoch": 47, "train_loss": [8015.7490234375, 7964.02734375, 7527.513671875, 1.020438313484192, 7772.826171875, 7988.72021484375, 1.047240138053894, 7237.1875, 7275.54638671875, 1.0697071552276611, 1.0662742853164673, 7430.4384765625, 7914.359375, 1.042088270187378, 1.0389798879623413, 7821.55859375, 7889.2587890625, 1.0197926759719849, 7863.5419921875, 7838.767578125, 8111.90625, 8096.7451171875, 7840.490234375, 7349.1376953125, 7690.02294921875, 7631.701171875, 7799.140625, 7719.0244140625, 1.0032157897949219, 7413.30908203125, 8054.70703125, 1.0389771461486816, 7950.2509765625, 7499.521484375, 7982.08349609375, 7869.701171875], "val_loss": 0.7590287923812866, "test_loss": 0.696496307849884, "_timestamp": 1751384861.1127605, "_runtime": 283.1834554672241, "_step": 97, "_wandb": {"runtime": 283}}