{"epoch": 32, "train_loss": [14848.1962890625, 14992.0712890625, 14304.1240234375, 14683.8076171875, 15288.9228515625, 14874.5458984375, 14403.7529296875, 14196.357421875, 14529.6611328125, 15275.9091796875, 0.9557651877403259, 15097.140625, 0.9996959567070007, 14568.796875, 14972.650390625, 15344.71484375, 0.9322642683982849, 15245.1201171875], "val_loss": 0.7435693144798279, "test_loss": 0.6789072155952454, "_timestamp": 1751390595.8125744, "_runtime": 133.54096031188965, "_step": 81, "_wandb": {"runtime": 133}}