{"epoch": 19, "train_loss": [15107.0048828125, 15441.755859375, 15033.6845703125, 14957.8486328125, 15119.1123046875, 14788.646484375, 14919.876953125, 15490.3271484375, 15350.1357421875, 14881.837890625, 14683.052734375, 0.963272750377655, 15070.6806640625, 15209.166015625, 14728.0234375, 0.9498378038406372, 14951.0576171875, 0.9791296124458313], "val_loss": 0.7504988312721252, "test_loss": 0.6856928467750549, "_timestamp": 1751367076.6446774, "_runtime": 86.25881028175354, "_step": 40, "_wandb": {"runtime": 85}}