{"epoch": 24, "train_loss": [29825.326171875, 0.9628199934959412, 30612.90625, 29437.171875, 0.9576065540313721, 30293.328125, 1.0096849203109741, 29914.787109375, 0.957405149936676], "val_loss": 0.7474173903465271, "test_loss": 0.688807487487793, "_timestamp": 1751406194.236564, "_runtime": 101.1671929359436, "_step": 74, "_wandb": {"runtime": 100}}