{"epoch": 40, "train_loss": [13946.0625, 14250.5048828125, 14282.619140625, 14063.533203125, 14192.814453125, 0.9151226878166199, 14072.66015625, 13717.671875, 0.8938068747520447, 0.9368491172790527, 14348.1728515625, 13928.75390625, 0.9207941293716431, 14306.4248046875, 0.9416834712028503, 14365.9462890625, 0.8979858756065369, 13625.146484375], "val_loss": 0.7314855456352234, "test_loss": 0.6663143634796143, "_timestamp": 1751411543.498723, "_runtime": 173.72501707077026, "_step": 90, "_wandb": {"runtime": 173}}