{"epoch": 42, "train_loss": [14258.9931640625, 14911.9248046875, 14927.28125, 0.9526370763778687, 14447.0732421875, 14780.421875, 14248.1494140625, 14203.171875, 0.920634388923645, 0.9652520418167114, 14774.8525390625, 15047.451171875, 14568.2119140625, 14537.1669921875, 14692.095703125, 13865.7939453125, 14759.8857421875, 15007.62890625], "val_loss": 0.7453643083572388, "test_loss": 0.6806409955024719, "_timestamp": 1751376934.033915, "_runtime": 116.6040301322937, "_step": 92, "_wandb": {"runtime": 116}}