{"epoch": 32, "train_loss": [7629.96435546875, 7705.82763671875, 7665.07958984375, 7642.01513671875, 7536.60693359375, 7221.83935546875, 0.9055100083351135, 7389.60791015625, 0.9994915723800659, 0.9474865794181824, 7513.52783203125, 7440.0927734375, 7829.02001953125, 7600.28857421875, 1.0071016550064087, 7539.865234375, 1.0126233100891113, 7444.85400390625, 7532.19287109375, 6973.21484375, 7664.05322265625, 7556.56396484375, 0.9933245182037354, 7517.37451171875, 0.926337480545044, 1.0196824073791504, 0.9879941940307617, 0.9615971446037292, 7717.701171875, 7095.869140625, 7445.47314453125, 7513.4775390625, 7600.453125, 7567.39599609375, 0.8856769800186157, 7623.7294921875], "val_loss": 0.7427183389663696, "test_loss": 0.6791483759880066, "_timestamp": 1751411156.5505176, "_runtime": 250.8917806148529, "_step": 70, "_wandb": {"runtime": 251}}