{"epoch": 8, "train_loss": [14793.8984375, 0.9598956108093262, 0.9916797280311584, 0.9771386384963989, 14775.158203125, 14414.62890625, 0.9765537977218628, 15012.150390625, 0.9617990255355835, 0.9031524658203125, 0.9287750124931335, 14126.419921875, 14867.0185546875, 14700.9521484375, 14278.271484375, 14986.681640625, 14895.892578125, 14880.091796875], "val_loss": 0.7491962313652039, "test_loss": 0.6829594373703003, "_timestamp": 1751405603.8194294, "_runtime": 97.34882736206055, "_step": 41, "_wandb": {"runtime": 97}}