{"epoch": 10, "train_loss": [7052.66455078125, 0.9764320254325867, 6709.17333984375, 7256.49267578125, 7221.66162109375, 7260.830078125, 0.901581883430481, 7169.04052734375, 0.9058802127838135, 7417.33447265625, 0.9327744245529175, 7125.26123046875, 7271.62744140625, 7267.90966796875, 0.9377025365829468, 6666.81787109375, 7286.1240234375, 7153.54345703125, 7449.09375, 0.9624414443969727, 0.9636386036872864, 0.9674476981163025, 7345.2470703125, 0.9588179588317871, 0.9017795920372009, 0.9944477081298828, 7674.5439453125, 7292.20654296875, 7293.51318359375, 7022.72216796875, 6656.314453125, 7451.017578125, 7231.66552734375, 0.98391193151474, 1.1329327821731567, 7797.056640625], "val_loss": 0.7646780014038086, "test_loss": 0.7016447186470032, "_timestamp": 1751369314.7460194, "_runtime": 101.68073344230652, "_step": 29, "_wandb": {"runtime": 102}}