{"epoch": 23, "train_loss": [0.9723919034004211, 7465.34423828125, 7394.26123046875, 7667.04443359375, 7473.25830078125, 0.8982218503952026, 7713.7880859375, 7294.6826171875, 0.9957399368286133, 0.951286256313324, 7427.193359375, 7464.8984375, 7108.28125, 7412.8994140625, 7624.6982421875, 7484.11767578125, 7179.49755859375, 0.9620769619941711, 0.9099010825157166, 0.979092538356781, 7038.23681640625, 0.977898895740509, 0.980985164642334, 7596.69091796875, 6745.52294921875, 7502.87353515625, 6794.06591796875, 7526.845703125, 7498.1591796875, 7440.2197265625, 0.9297579526901245, 7404.00341796875, 0.978736162185669, 7515.68505859375, 7537.7734375, 7510.7587890625], "val_loss": 0.7413156032562256, "test_loss": 0.6778714060783386, "_timestamp": 1751401190.8328254, "_runtime": 217.45467042922974, "_step": 62, "_wandb": {"runtime": 217}}