{"epoch": 49, "train_loss": [0.9839370846748352, 7568.642578125, 7434.55029296875, 6928.68115234375, 0.9602022767066956, 7119.0595703125, 7550.3095703125, 7756.7861328125, 7612.01220703125, 0.896999716758728, 0.9060138463973999, 7464.4736328125, 7257.29345703125, 6752.3681640625, 7545.09326171875, 7489.24951171875, 7321.32958984375, 7441.04638671875, 0.9738828539848328, 7311.34521484375, 7563.580078125, 7386.8388671875, 0.8903056383132935, 7545.89306640625, 7352.6376953125, 7462.39208984375, 0.9258742332458496, 7698.42333984375, 0.9953783750534058, 0.9843405485153198, 7559.03173828125, 0.9847245216369629, 7256.875, 7517.01513671875, 0.9727149605751038, 7674.126953125], "val_loss": 0.7430322766304016, "test_loss": 0.6773285865783691, "_timestamp": 1751416802.674307, "_runtime": 208.6331272125244, "_step": 64, "_wandb": {"runtime": 209}}