{"epoch": 45, "train_loss": [0.9695457220077515, 0.9780336618423462, 0.9787795543670654, 14982.0439453125, 13894.310546875, 0.9600222706794739, 14478.6787109375, 15017.25390625, 0.9766516089439392, 14040.9453125, 14193.51171875, 14216.134765625, 14337.7666015625, 14918.7265625, 14986.984375, 15265.927734375, 14971.5341796875, 0.9729472398757935], "val_loss": 0.7433488965034485, "test_loss": 0.676779568195343, "_timestamp": 1751421091.8860097, "_runtime": 185.51005578041077, "_step": 95, "_wandb": {"runtime": 186}}