{"epoch": 37, "train_loss": [0.9903954863548279, 14797.8828125, 0.9869490265846252, 0.9920971393585205, 14292.28515625, 0.9677112698554993, 0.9373151659965515, 0.9895308017730713, 14647.23046875, 14088.4248046875, 14841.3876953125, 14940.17578125, 0.9730090498924255, 14317.6904296875, 14512.3203125, 0.9713212847709656, 14510.673828125, 14937.443359375], "val_loss": 0.739095151424408, "test_loss": 0.6741442084312439, "_timestamp": 1751390896.318807, "_runtime": 138.91032195091248, "_step": 87, "_wandb": {"runtime": 138}}