{"epoch": 3, "train_loss": [0.8735878467559814, 13244.9345703125, 9999.4814453125, 0.8690463304519653, 11108.220703125, 0.9743910431861877, 12557.8720703125, 8345.248046875, 11565.849609375, 0.7310495376586914, 7843.4619140625, 10276.515625, 12081.7236328125, 5316.58837890625, 0.9513358473777771, 6243.46923828125, 7926.490234375, 9768.2890625, 7824.24951171875, 0.608651340007782, 8731.009765625, 9241.1484375, 9007.478515625, 6831.1494140625, 0.9605320692062378, 14762.2705078125, 14411.18359375, 0.7640843391418457, 11679.59375, 9969.982421875, 0.8463646173477173, 12826.056640625, 11829.8759765625, 0.7776422500610352, 9640.75, 0.8870866298675537, 1.7771689891815186, 1.0883792638778687, 11416.068359375, 7638.876953125, 10139.4189453125, 1.3943134546279907, 0.7230490446090698, 6783.9951171875, 1.0582473278045654, 9963.2822265625, 11219.58203125, 9751.41015625, 14703.998046875, 10938.8232421875, 6892.3291015625, 9231.201171875, 8694.625, 7591.8955078125, 0.773271918296814, 10181.8388671875, 8184.77783203125, 13220.5810546875, 6651.681640625, 9982.3388671875, 11033.4912109375, 8020.75146484375, 9607.2392578125, 9495.931640625, 8137.56640625, 8485.8818359375, 12811.91796875, 11659.365234375, 15352.3125, 1.1050320863723755, 12715.58203125, 7093.357421875, 11587.9453125, 8442.1064453125, 8695.650390625, 9624.2646484375, 8774.0712890625, 0.8645331263542175, 11239.4208984375, 5386.587890625, 10943.96875, 12745.443359375, 9646.2216796875, 0.6759874820709229, 1.114945411682129, 7277.7373046875, 9125.4501953125, 11144.978515625, 0.7444007992744446, 7977.2744140625, 10687.8486328125, 6520.79345703125, 10301.4140625, 9699.5107421875, 6914.06396484375, 7581.45166015625, 8458.1865234375, 7436.84814453125, 0.6517136096954346, 0.7862988710403442, 13756.080078125, 11239.5341796875, 8402.2685546875, 8945.1181640625, 9765.5908203125, 9712.3876953125, 12648.3466796875, 6919.03125, 10405.6064453125, 8643.3203125, 7522.21044921875, 0.9145442247390747, 11350.8505859375, 0.816293478012085, 14998.724609375, 8679.8974609375, 5233.50927734375, 0.8374665379524231, 0.7171493768692017], "val_loss": 3.509753465652466, "test_loss": 3.3987152576446533, "_timestamp": 1751360471.296103, "_runtime": 75.82772588729858, "_step": 17, "_wandb": {"runtime": 75}}