{"epoch": 38, "train_loss": [14722.02734375, 14865.767578125, 0.9838832020759583, 14819.314453125, 0.9682750701904297, 0.9595403671264648, 14541.392578125, 0.9560728073120117, 0.9254335761070251, 0.9973036646842957, 0.9312162399291992, 14150.1025390625, 14900.0537109375, 14763.1181640625, 14915.16015625, 0.9034484028816223, 0.9438576698303223, 15112.7578125], "val_loss": 0.7403973937034607, "test_loss": 0.6751852035522461, "_timestamp": 1751397487.5800931, "_runtime": 108.36452412605286, "_step": 50, "_wandb": {"runtime": 107}}