{"epoch": 47, "train_loss": [28564.572265625, 0.9565954804420471, 28310.529296875, 0.9424321055412292, 29225.08203125, 28050.908203125, 28248.5859375, 27984.908203125, 28372.904296875], "val_loss": 0.7368826270103455, "test_loss": 0.6784922480583191, "_timestamp": 1751409440.329857, "_runtime": 103.12410402297974, "_step": 97, "_wandb": {"runtime": 103}}