{"epoch": 42, "train_loss": [14370.6923828125, 13202.1875, 14146.64453125, 13617.3154296875, 14228.955078125, 14373.3896484375, 14349.02734375, 0.9220143556594849, 14303.470703125, 13798.4052734375, 0.9019818902015686, 14203.8935546875, 0.9197356700897217, 13935.7626953125, 0.929530143737793, 13859.169921875, 14579.5302734375, 14224.025390625], "val_loss": 0.7336547374725342, "test_loss": 0.6692724823951721, "_timestamp": 1751417585.1740444, "_runtime": 153.91698026657104, "_step": 75, "_wandb": {"runtime": 154}}