{"epoch": 5, "train_loss": [7449.76513671875, 0.9469265937805176, 0.8910254240036011, 7548.97705078125, 7646.03125, 7580.0146484375, 7534.2216796875, 0.9719246029853821, 6846.421875, 7069.6298828125, 0.9666586518287659, 0.89594566822052, 7576.46484375, 0.9193463921546936, 0.9703485369682312, 0.9814174771308899, 0.9883649349212646, 7474.99609375, 7536.0546875, 7419.27734375, 0.9762523174285889, 1.0043129920959473, 7291.2763671875, 1.0001169443130493, 0.9788809418678284, 7154.150390625, 1.0119521617889404, 0.9731583595275879, 7492.22314453125, 6928.4833984375, 7258.5830078125, 7245.7734375, 7544.4755859375, 7685.33447265625, 7491.55615234375, 0.9657846093177795], "val_loss": 0.7497514486312866, "test_loss": 0.6822966933250427, "_timestamp": 1751384552.532733, "_runtime": 100.98755407333374, "_step": 27, "_wandb": {"runtime": 100}}