{"epoch": 41, "train_loss": [0.9335104823112488, 14827.1279296875, 14810.0439453125, 14336.986328125, 14905.7060546875, 14299.42578125, 14638.55859375, 14822.189453125, 14975.115234375, 14665.5458984375, 13482.9521484375, 0.9769350290298462, 0.9492192268371582, 14610.4716796875, 14388.337890625, 0.9749184250831604, 0.9876951575279236, 14854.35546875], "val_loss": 0.7367839813232422, "test_loss": 0.6729892492294312, "_timestamp": 1751409910.3115242, "_runtime": 173.95807123184204, "_step": 91, "_wandb": {"runtime": 174}}