{"epoch": 7, "train_loss": [15191.4375, 15373.8115234375, 14530.6884765625, 14440.7431640625, 14670.9638671875, 0.9718548059463501, 0.9377201199531555, 15273.2177734375, 0.995074987411499, 0.9826733469963074, 15572.9677734375, 0.9595534205436707, 0.9774113893508911, 15282.322265625, 14447.822265625, 14516.5595703125, 14863.7412109375, 0.9803332090377808], "val_loss": 0.7531388998031616, "test_loss": 0.6871590614318848, "_timestamp": 1751364045.4517877, "_runtime": 40.66031575202942, "_step": 43, "_wandb": {"runtime": 40}}