{"epoch": 44, "train_loss": [15093.119140625, 15199.521484375, 14886.0244140625, 14885.6025390625, 0.9725250601768494, 14901.5927734375, 14114.0791015625, 0.9470483064651489, 14893.7255859375, 14363.94140625, 0.9511839747428894, 14671.1845703125, 14319.501953125, 0.9445509910583496, 0.9544171094894409, 0.9531312584877014, 15126.6630859375, 14837.9794921875], "val_loss": 0.7459701895713806, "test_loss": 0.6812407970428467, "_timestamp": 1751378767.6448193, "_runtime": 119.28573322296143, "_step": 94, "_wandb": {"runtime": 119}}