{"epoch": 30, "train_loss": [0.8603432178497314, 7118.0966796875, 7142.56005859375, 7102.36767578125, 7355.5791015625, 6786.86474609375, 7359.23095703125, 0.9400880336761475, 7210.35595703125, 7189.17529296875, 0.9334720373153687, 6548.42626953125, 0.9511350989341736, 0.9032571315765381, 7151.42724609375, 7343.8955078125, 6781.84130859375, 7115.119140625, 7203.02978515625, 0.8741459846496582, 7098.3818359375, 7411.0, 6526.21240234375, 7218.5048828125, 7133.64892578125, 7261.751953125, 7125.6171875, 7262.23046875, 7241.9853515625, 7160.8310546875, 0.9409867525100708, 0.9450488090515137, 7347.30029296875, 7054.74755859375, 7041.64208984375, 7012.1484375], "val_loss": 0.7352957129478455, "test_loss": 0.6687136292457581, "_timestamp": 1751389238.1917708, "_runtime": 146.94577288627625, "_step": 51, "_wandb": {"runtime": 147}}