{"epoch": 28, "train_loss": [6908.41845703125, 6972.23828125, 0.8718593120574951, 7149.70654296875, 0.9094754457473755, 0.839135468006134, 6830.48095703125, 0.9046136736869812, 0.9263862371444702, 0.8170202970504761, 6919.77490234375, 6429.56884765625, 0.9024487733840942, 6906.61962890625, 6901.9462890625, 6863.91845703125, 6897.62060546875, 0.9184929132461548, 0.9014260172843933, 7206.5732421875, 6480.39599609375, 0.930637776851654, 7097.1787109375, 0.8899785280227661, 7015.060546875, 6723.53173828125, 7082.052734375, 7156.85400390625, 0.865461528301239, 7011.623046875, 6942.4912109375, 6809.3486328125, 6324.92041015625, 6817.1376953125, 6815.5478515625, 7041.39599609375], "val_loss": 0.7464902997016907, "test_loss": 0.6756336092948914, "_timestamp": 1751385400.6617517, "_runtime": 140.68206477165222, "_step": 45, "_wandb": {"runtime": 140}}