{"epoch": 16, "train_loss": [0.9472568035125732, 0.9714580774307251, 14879.9794921875, 15119.2275390625, 15254.0966796875, 15372.265625, 14499.1474609375, 15130.6181640625, 15529.5185546875, 0.9969499707221985, 15233.8662109375, 14708.587890625, 14538.4296875, 15204.94140625, 0.9749976396560669, 15176.763671875, 14459.8818359375, 15342.85546875], "val_loss": 0.7536026835441589, "test_loss": 0.6871116161346436, "_timestamp": 1751366965.2598891, "_runtime": 132.6821711063385, "_step": 66, "_wandb": {"runtime": 132}}