{"epoch": 19, "train_loss": [14814.70703125, 0.9562493562698364, 0.9581587910652161, 0.9348543286323547, 14805.1103515625, 13934.8818359375, 13523.3583984375, 14557.2255859375, 14118.3701171875, 0.9539352655410767, 14269.1845703125, 14971.3974609375, 14673.5029296875, 0.9545440673828125, 14159.373046875, 14696.7099609375, 14440.9599609375, 14812.55078125], "val_loss": 0.7431570887565613, "test_loss": 0.676750659942627, "_timestamp": 1751385234.700933, "_runtime": 85.46977400779724, "_step": 43, "_wandb": {"runtime": 84}}