{"epoch": 10, "train_loss": [14060.2412109375, 0.9508850574493408, 0.9823591709136963, 0.9702075123786926, 14678.8359375, 14844.2275390625, 0.8927941918373108, 0.9776322245597839, 14936.5703125, 0.9389214515686035, 14322.361328125, 0.940584659576416, 15032.0830078125, 14510.4345703125, 14019.0654296875, 14779.083984375, 14844.1611328125, 14806.302734375], "val_loss": 0.751380980014801, "test_loss": 0.6821553111076355, "_timestamp": 1751379778.7403054, "_runtime": 75.00796842575073, "_step": 51, "_wandb": {"runtime": 75}}