{"epoch": 26, "train_loss": [14893.587890625, 14774.2802734375, 14916.62890625, 0.9891208410263062, 14985.2080078125, 14866.7880859375, 14970.2958984375, 14981.291015625, 14420.9638671875, 14885.1416015625, 14599.693359375, 15137.4794921875, 0.9680573344230652, 14193.603515625, 0.9083592891693115, 0.9915185570716858, 15334.2158203125, 0.9731802940368652], "val_loss": 0.7438312768936157, "test_loss": 0.6810998916625977, "_timestamp": 1751407180.918011, "_runtime": 144.69520092010498, "_step": 76, "_wandb": {"runtime": 144}}