{"epoch": 18, "train_loss": [41873.88671875, 37426.54296875, 39337.27734375, 37823.40625, 31231.529296875, 0.9623526930809021, 42706.12890625, 0.9314770698547363, 32265.7109375, 0.8759642839431763, 38899.7265625, 48482.11328125, 35376.0703125, 0.8945061564445496, 0.7721706628799438, 47472.16796875, 0.8563002347946167, 37243.046875, 35475.0546875, 39344.9140625, 40832.48828125, 36323.515625, 0.7592936754226685, 0.7694176435470581, 39073.98828125, 38629.44921875, 0.9436588883399963, 41061.328125, 0.9678282141685486], "val_loss": 3.5047390460968018, "test_loss": 3.2397050857543945, "_timestamp": 1751361827.930412, "_runtime": 93.0694510936737, "_step": 34, "_wandb": {"runtime": 92}}