{"epoch": 8, "train_loss": [7676.263671875, 7611.16015625, 0.9666194319725037, 7594.4091796875, 7379.369140625, 7540.59375, 0.9289817810058594, 7487.947265625, 0.9704964756965637, 6840.6845703125, 7461.92919921875, 7421.080078125, 7246.56005859375, 6769.8115234375, 7363.27734375, 0.9853783845901489, 0.9748771786689758, 0.9720762372016907, 7392.720703125, 0.9394147992134094, 6956.1328125, 0.9752652049064636, 7614.4794921875, 7746.6123046875, 7471.3935546875, 7722.22802734375, 7572.259765625, 7523.92578125, 7047.16943359375, 7539.02490234375, 7301.96337890625, 7409.99169921875, 0.9860556721687317, 7569.2900390625, 7028.7080078125, 7306.93701171875], "val_loss": 0.742445707321167, "test_loss": 0.6765784025192261, "_timestamp": 1751380791.219716, "_runtime": 113.34356904029846, "_step": 33, "_wandb": {"runtime": 113}}