{"epoch": 36, "train_loss": [0.9024076461791992, 7122.3056640625, 6967.06884765625, 6432.6298828125, 6414.4521484375, 0.9067545533180237, 0.927108108997345, 7013.748046875, 7121.5556640625, 7001.673828125, 6979.02099609375, 7087.3984375, 6590.4072265625, 7196.841796875, 7091.4384765625, 7001.33203125, 7035.44091796875, 6995.00341796875, 7123.1650390625, 7155.67578125, 7025.6572265625, 6914.35498046875, 6944.66943359375, 7281.81396484375, 7204.58349609375, 6914.36376953125, 0.8465299010276794, 7117.5234375, 6419.86572265625, 6754.50439453125, 7074.529296875, 0.9235996603965759, 6939.169921875, 0.9399216175079346, 6579.70849609375, 7137.22314453125], "val_loss": 0.7313469052314758, "test_loss": 0.6652784943580627, "_timestamp": 1751392703.0089004, "_runtime": 164.59636235237122, "_step": 55, "_wandb": {"runtime": 164}}