{"epoch": 42, "train_loss": [29171.111328125, 0.9737448692321777, 30188.650390625, 0.968546986579895, 30250.4453125, 29526.47265625, 0.979475200176239, 29500.294921875, 29505.42578125], "val_loss": 0.7421117424964905, "test_loss": 0.6829034090042114, "_timestamp": 1751396022.084949, "_runtime": 95.00874710083008, "_step": 92, "_wandb": {"runtime": 94}}