{"epoch": 38, "train_loss": [0.9984285235404968, 6807.92529296875, 0.9591305255889893, 0.9675135612487793, 6735.7431640625, 7405.48974609375, 7630.48828125, 7378.05419921875, 7424.73681640625, 7351.48974609375, 7337.44189453125, 0.9451664686203003, 7532.91162109375, 6892.06689453125, 7216.86181640625, 6731.2177734375, 0.956847071647644, 0.8803555369377136, 0.9798780083656311, 0.9239320755004883, 0.9556722640991211, 0.9624463319778442, 0.9692407846450806, 7409.91064453125, 0.968695342540741, 7493.86962890625, 0.9190914034843445, 7314.390625, 0.9729329943656921, 7368.40380859375, 7322.4248046875, 7172.3251953125, 7237.77001953125, 7375.34765625, 0.9506468772888184, 7644.7490234375], "val_loss": 0.7415518760681152, "test_loss": 0.6756542325019836, "_timestamp": 1751414364.7045715, "_runtime": 210.30068945884705, "_step": 80, "_wandb": {"runtime": 210}}