{"epoch": 6, "train_loss": [7103.5654296875, 1.0364940166473389, 1.0050050020217896, 0.9906592965126038, 1.0172653198242188, 7624.87890625, 0.9979879856109619, 7102.38818359375, 7950.64892578125, 7781.23046875, 0.9938623905181885, 7690.908203125, 7750.5751953125, 7312.09228515625, 1.0023645162582397, 7742.5859375, 7907.498046875, 7770.732421875, 7968.96240234375, 7718.802734375, 7553.298828125, 1.0444566011428833, 7221.47998046875, 7655.0859375, 0.9620459675788879, 1.0175890922546387, 1.00294029712677, 7604.86962890625, 7066.9130859375, 1.0190781354904175, 7759.10791015625, 7826.5126953125, 7731.4189453125, 7348.00390625, 1.0544134378433228, 7531.7607421875], "val_loss": 0.751160740852356, "test_loss": 0.6883259415626526, "_timestamp": 1751364141.0878541, "_runtime": 72.30208611488342, "_step": 40, "_wandb": {"runtime": 71}}