{"epoch": 42, "train_loss": [0.9498477578163147, 0.9400548934936523, 7432.6796875, 7205.63330078125, 7309.46484375, 6803.9169921875, 0.9484536051750183, 7432.095703125, 7106.30322265625, 7403.22265625, 7142.904296875, 7218.9755859375, 7270.06787109375, 6930.3720703125, 6847.232421875, 0.8686321973800659, 7258.17919921875, 7311.37890625, 0.9550828337669373, 7294.03955078125, 6997.587890625, 7393.994140625, 6689.5771484375, 0.9640692472457886, 7066.67919921875, 0.9214569330215454, 6563.1240234375, 7288.9423828125, 7191.296875, 0.9599556922912598, 0.945120632648468, 0.9634393453598022, 7201.33056640625, 7232.3505859375, 7634.31689453125, 7251.88671875], "val_loss": 0.7434746026992798, "test_loss": 0.676088809967041, "_timestamp": 1751370608.3790805, "_runtime": 241.42339754104614, "_step": 81, "_wandb": {"runtime": 241}}