{"epoch": 5, "train_loss": [42519.19140625, 36746.65234375, 0.7530936002731323, 0.9024825692176819, 39504.18359375, 37405.64453125, 31870.833984375, 43016.67578125, 35760.4765625, 0.820723831653595, 47255.37890625, 37170.5390625, 35065.96484375, 0.8495400547981262, 0.8039470911026001, 0.8086410760879517, 45638.953125, 40220.41796875, 40118.2109375, 0.8535295724868774, 0.9941202402114868, 45527.14453125, 43882.65234375, 0.7189815640449524, 1.062216877937317, 33560.0546875, 40000.89453125, 44506.5546875, 52440.74609375], "val_loss": 3.523961305618286, "test_loss": 3.2561233043670654, "_timestamp": 1751361708.679185, "_runtime": 68.10310983657837, "_step": 26, "_wandb": {"runtime": 68}}