{"epoch": 33, "train_loss": [15239.8642578125, 15257.25390625, 15082.3193359375, 1.0162230730056763, 15718.63671875, 15900.9736328125, 1.0216319561004639, 15222.1884765625, 15634.125, 15946.875, 15084.955078125, 15690.341796875, 15732.8818359375, 0.9947313666343689, 15470.7412109375, 15389.65234375, 15577.9296875, 15596.2734375], "val_loss": 0.7533811330795288, "test_loss": 0.692149817943573, "_timestamp": 1751379519.7931643, "_runtime": 134.4450261592865, "_step": 83, "_wandb": {"runtime": 134}}