{"epoch": 34, "train_loss": [7158.947265625, 0.924038827419281, 7176.09619140625, 0.91202312707901, 6729.12158203125, 7150.02197265625, 0.8702501654624939, 7157.345703125, 7166.41845703125, 7216.869140625, 7323.91162109375, 6600.498046875, 0.9261146783828735, 7293.12451171875, 6856.00146484375, 7265.146484375, 0.9056622385978699, 7207.48974609375, 7161.6318359375, 0.9251715540885925, 6957.26953125, 0.9385075569152832, 7199.302734375, 6798.7431640625, 6514.4375, 0.913747251033783, 6461.8974609375, 0.917401909828186, 6419.72705078125, 7096.97021484375, 0.9419447779655457, 0.9254267811775208, 6917.494140625, 7123.9541015625, 7169.4072265625, 0.929385244846344], "val_loss": 0.7386329174041748, "test_loss": 0.6708391308784485, "_timestamp": 1751373920.9075708, "_runtime": 154.15562272071838, "_step": 51, "_wandb": {"runtime": 154}}