{"epoch": 10, "train_loss": [7582.93408203125, 7791.533203125, 7703.9091796875, 0.9095838069915771, 7542.2421875, 7607.73388671875, 7422.6904296875, 7494.22119140625, 7573.44140625, 7764.48388671875, 7530.2255859375, 7646.140625, 0.9766690731048584, 7565.43505859375, 0.9294546842575073, 0.9921081066131592, 7646.30517578125, 7514.04833984375, 0.9027649760246277, 7585.35107421875, 0.9740501642227173, 0.9881603717803955, 6896.96337890625, 7332.849609375, 7104.24658203125, 7056.09375, 7478.4658203125, 7820.28515625, 7496.767578125, 0.9495704770088196, 7445.40087890625, 7392.4033203125, 7369.46240234375, 7726.103515625, 7486.93896484375, 7193.1845703125], "val_loss": 0.749233067035675, "test_loss": 0.6845600605010986, "_timestamp": 1751382408.7077835, "_runtime": 165.41055750846863, "_step": 50, "_wandb": {"runtime": 165}}