{"epoch": 17, "train_loss": [6752.87158203125, 7332.2841796875, 7357.14306640625, 0.9595861434936523, 0.9415993094444275, 7430.35498046875, 7339.29345703125, 7374.37939453125, 7495.2578125, 7314.92919921875, 7046.61181640625, 0.89830482006073, 0.8651972413063049, 7032.58642578125, 7372.54345703125, 0.9498118758201599, 7365.85986328125, 7300.91943359375, 7525.47412109375, 7453.60888671875, 6644.13818359375, 6892.9326171875, 6993.8583984375, 7366.25244140625, 7474.349609375, 7222.30517578125, 0.9431430697441101, 7365.12939453125, 7347.62890625, 7280.48681640625, 7371.63916015625, 7451.4453125, 7258.73486328125, 7506.21142578125, 0.9344485402107239, 7431.72998046875], "val_loss": 0.7404389381408691, "test_loss": 0.6746970415115356, "_timestamp": 1751368573.4261322, "_runtime": 138.19067525863647, "_step": 42, "_wandb": {"runtime": 138}}