{"epoch": 16, "train_loss": [0.9548211693763733, 7412.40869140625, 0.9244434833526611, 7477.373046875, 7095.44189453125, 0.9480673670768738, 0.8911353945732117, 7264.265625, 0.9368472099304199, 7225.0478515625, 7406.79345703125, 7550.4306640625, 0.9548814296722412, 7310.72265625, 7284.45263671875, 7359.876953125, 7357.53515625, 0.8742557764053345, 7490.462890625, 0.9538799524307251, 7140.265625, 7074.87646484375, 7136.92626953125, 0.9732247591018677, 0.9020131826400757, 7184.45947265625, 7192.232421875, 0.9403266906738281, 7281.986328125, 6797.8427734375, 7332.23974609375, 6648.6875, 7427.68017578125, 6609.02392578125, 6707.6767578125, 0.970330536365509], "val_loss": 0.7438387274742126, "test_loss": 0.6769853830337524, "_timestamp": 1751387173.3110213, "_runtime": 123.1985023021698, "_step": 37, "_wandb": {"runtime": 123}}