{"epoch": 7, "train_loss": [0.9903976917266846, 7505.95703125, 1.0219274759292603, 6958.7060546875, 7646.0703125, 7210.0556640625, 7596.1669921875, 7729.6005859375, 7732.1181640625, 8023.3359375, 7758.09765625, 0.9903092384338379, 7618.8046875, 7590.60888671875, 7616.0625, 7503.3876953125, 7208.861328125, 0.9496292471885681, 7826.9208984375, 7019.63671875, 7860.26025390625, 7587.736328125, 7558.09912109375, 7706.7373046875, 7225.8046875, 7364.26171875, 1.037819504737854, 7535.5673828125, 7606.57861328125, 7394.50537109375, 0.9808942675590515, 7497.9208984375, 0.9210057854652405, 7567.77685546875, 0.9976226091384888, 7557.587890625], "val_loss": 0.7506184577941895, "test_loss": 0.6867178678512573, "_timestamp": 1751387972.9898694, "_runtime": 108.19899439811707, "_step": 37, "_wandb": {"runtime": 108}}