{"epoch": 46, "train_loss": [7751.4306640625, 7726.1025390625, 8015.15625, 7753.9814453125, 7673.22314453125, 7620.158203125, 1.0044816732406616, 0.9238845705986023, 1.0425307750701904, 7972.248046875, 7676.35498046875, 7796.859375, 0.9577494859695435, 7879.5791015625, 7711.19482421875, 7587.44384765625, 1.0049337148666382, 7268.732421875, 7546.03125, 7748.57470703125, 7758.953125, 0.953880250453949, 7568.75048828125, 7797.17236328125, 7598.7314453125, 7796.99609375, 8074.7236328125, 7664.595703125, 7787.7138671875, 7037.58056640625, 7560.77197265625, 7391.6611328125, 7674.619140625, 1.035315752029419, 7700.923828125, 0.9322122931480408], "val_loss": 0.7505224943161011, "test_loss": 0.6898733973503113, "_timestamp": 1751364776.9865062, "_runtime": 216.52166533470154, "_step": 96, "_wandb": {"runtime": 214}}