{"epoch": 13, "train_loss": [7497.8017578125, 7425.1025390625, 7362.8671875, 0.9929208159446716, 6900.279296875, 0.9654678702354431, 7714.71728515625, 0.9217721223831177, 0.9367706775665283, 0.959667444229126, 0.9612351059913635, 0.9545289278030396, 7624.0712890625, 7566.81494140625, 7721.54296875, 7548.646484375, 7379.0419921875, 7459.7744140625, 7388.216796875, 6979.4033203125, 7706.8623046875, 7639.7890625, 7362.71923828125, 7332.39306640625, 7426.86083984375, 6910.57421875, 0.9805616736412048, 1.019990086555481, 7502.2021484375, 0.9182592630386353, 0.9818773865699768, 7457.171875, 0.988703727722168, 6980.0537109375, 0.9758432507514954, 0.9604673981666565], "val_loss": 0.7524519562721252, "test_loss": 0.6875254511833191, "_timestamp": 1751378265.0651777, "_runtime": 202.8595736026764, "_step": 63, "_wandb": {"runtime": 203}}