{"epoch": 28, "train_loss": [7911.4091796875, 7786.228515625, 8107.54638671875, 8096.8369140625, 1.0327526330947876, 1.0275814533233643, 7797.208984375, 1.0037829875946045, 7896.35302734375, 0.964562714099884, 7153.177734375, 7202.94384765625, 1.0166902542114258, 7830.8056640625, 7760.74267578125, 8215.1728515625, 8129.90234375, 1.0288245677947998, 7867.6533203125, 1.0147215127944946, 1.0496591329574585, 0.9849832057952881, 7801.42578125, 7873.2880859375, 7902.18994140625, 7849.88232421875, 7888.361328125, 7239.19287109375, 1.0334416627883911, 7764.01708984375, 7647.96875, 7386.8837890625, 7870.5615234375, 7821.3212890625, 7502.30224609375, 8019.6494140625], "val_loss": 0.7550098299980164, "test_loss": 0.6930016279220581, "_timestamp": 1751371000.199232, "_runtime": 229.371160030365, "_step": 78, "_wandb": {"runtime": 229}}