{"epoch": 12, "train_loss": [79587.0703125, 81272.875, 84362.8828125, 81776.46875, 82957.6171875, 92719.3125, 84398.34375, 79022.1796875, 0.8954843878746033, 84642.328125, 84587.03125, 81081.8203125, 85983.1015625, 76270.703125], "val_loss": 3.574018716812134, "test_loss": 3.2819430828094482, "_timestamp": 1751360878.9951603, "_runtime": 90.10840344429016, "_step": 34, "_wandb": {"runtime": 90}}