{"epoch": 13, "train_loss": [14928.6435546875, 1.014090657234192, 0.9765755534172058, 15260.0302734375, 14706.6416015625, 0.9535097479820251, 15040.2578125, 14957.4814453125, 0.9967153668403625, 15423.6005859375, 15216.689453125, 15442.9453125, 14803.515625, 15243.859375, 15399.3916015625, 15055.541015625, 14676.5673828125, 14743.740234375], "val_loss": 0.7535688877105713, "test_loss": 0.6897604465484619, "_timestamp": 1751372998.7412305, "_runtime": 114.71058440208435, "_step": 63, "_wandb": {"runtime": 114}}