{"epoch": 38, "train_loss": [6897.06640625, 7343.81884765625, 7173.39990234375, 7200.3525390625, 7192.75146484375, 7391.28173828125, 0.9680709838867188, 7396.38037109375, 0.9702848196029663, 7136.1494140625, 6632.09130859375, 7368.86865234375, 0.8742069602012634, 7249.369140625, 0.9518858194351196, 7289.9814453125, 7211.6435546875, 7548.5380859375, 7313.6298828125, 7214.95166015625, 7311.220703125, 6958.201171875, 7162.6943359375, 0.9298458099365234, 7296.1005859375, 0.9494225382804871, 0.9565510153770447, 0.9007701277732849, 7497.0029296875, 0.9757028222084045, 7358.75, 0.8740838170051575, 0.9364482760429382, 0.950437605381012, 6797.6669921875, 0.9684751629829407], "val_loss": 0.7351075410842896, "test_loss": 0.6696591973304749, "_timestamp": 1751408098.679178, "_runtime": 233.79443407058716, "_step": 66, "_wandb": {"runtime": 233}}