{"epoch": 5, "train_loss": [7573.29638671875, 0.9080492258071899, 0.9545460343360901, 0.9629813432693481, 7357.36376953125, 7543.40185546875, 0.9558745622634888, 7615.5087890625, 0.9439167380332947, 0.9566354155540466, 7317.70751953125, 7381.65966796875, 0.9794127941131592, 0.9169868230819702, 7307.81640625, 0.9585095047950745, 7395.03515625, 0.9986959099769592, 6771.267578125, 7403.4951171875, 7324.013671875, 7033.60205078125, 6924.708984375, 7391.3291015625, 7452.0546875, 1.0000836849212646, 6735.4716796875, 0.882838785648346, 7267.54638671875, 0.9480072259902954, 0.9829682111740112, 7390.685546875, 7412.37744140625, 7566.8974609375, 7289.03857421875, 7530.951171875], "val_loss": 0.7511430978775024, "test_loss": 0.6825815439224243, "_timestamp": 1751396346.090546, "_runtime": 87.65377187728882, "_step": 19, "_wandb": {"runtime": 88}}