{"epoch": 28, "train_loss": [27796.048828125, 28629.86328125, 28067.931640625, 28816.603515625, 28377.107421875, 28032.154296875, 28625.048828125, 28813.76171875, 0.9264172911643982], "val_loss": 0.7416921854019165, "test_loss": 0.6808961629867554, "_timestamp": 1751406831.3242278, "_runtime": 142.3155279159546, "_step": 78, "_wandb": {"runtime": 142}}