{"epoch": 28, "train_loss": [0.9331067800521851, 14596.9462890625, 0.9256476163864136, 14351.0908203125, 13937.3251953125, 13832.5830078125, 0.9513457417488098, 14543.10546875, 14728.546875, 14514.6611328125, 14537.9375, 0.9556081891059875, 13984.67578125, 14091.00390625, 14813.318359375, 0.9426177740097046, 14267.564453125, 0.9848312735557556], "val_loss": 0.7426935434341431, "test_loss": 0.6746949553489685, "_timestamp": 1751370745.4627364, "_runtime": 111.92363333702087, "_step": 65, "_wandb": {"runtime": 111}}