{"epoch": 22, "train_loss": [14927.55078125, 15363.1669921875, 0.9861764907836914, 15114.203125, 14699.1181640625, 15244.0234375, 15178.3994140625, 15811.0654296875, 0.991945207118988, 15088.2607421875, 0.9562129378318787, 0.98621666431427, 15325.2412109375, 14926.3916015625, 15118.4990234375, 0.9641926884651184, 0.983690083026886, 14831.3349609375], "val_loss": 0.7506604194641113, "test_loss": 0.6849811673164368, "_timestamp": 1751367902.1964896, "_runtime": 123.8767945766449, "_step": 65, "_wandb": {"runtime": 124}}