{"epoch": 41, "train_loss": [14450.1630859375, 0.9693616628646851, 1.0031784772872925, 14033.8193359375, 15098.169921875, 15234.1259765625, 14525.2880859375, 0.9688227772712708, 0.9927651882171631, 0.9984270930290222, 0.9572970271110535, 14932.5185546875, 0.9928625822067261, 0.9719699025154114, 15018.0703125, 0.950147271156311, 15445.0634765625, 14665.5595703125], "val_loss": 0.7451382875442505, "test_loss": 0.6804024577140808, "_timestamp": 1751389062.214435, "_runtime": 144.29206609725952, "_step": 91, "_wandb": {"runtime": 144}}