{"epoch": 5, "train_loss": [7077.392578125, 7631.826171875, 0.9281452894210815, 0.965638279914856, 7466.255859375, 7430.2255859375, 7508.51171875, 7379.73828125, 7461.12109375, 0.9701459407806396, 7494.19970703125, 6801.4033203125, 7759.283203125, 0.9933211803436279, 7604.421875, 7434.57666015625, 7527.59521484375, 7571.32763671875, 7604.85791015625, 7247.244140625, 0.8942147493362427, 7397.59765625, 7655.23828125, 7461.3798828125, 0.8925584554672241, 1.0165810585021973, 0.9581797122955322, 7506.78125, 7352.91015625, 0.9850568175315857, 0.9280908703804016, 0.9180521965026855, 7435.86328125, 7331.9248046875, 1.004462480545044, 7500.57470703125], "val_loss": 0.7519739866256714, "test_loss": 0.6838014721870422, "_timestamp": 1751396692.1339908, "_runtime": 138.99743366241455, "_step": 34, "_wandb": {"runtime": 139}}