{"epoch": 13, "train_loss": [0.9028409123420715, 7118.5546875, 0.9360302090644836, 7054.59228515625, 6997.10400390625, 6450.38671875, 7182.29638671875, 6872.51806640625, 7020.91943359375, 7150.60791015625, 7114.8115234375, 7146.68310546875, 6777.96923828125, 7373.884765625, 0.9571559429168701, 7347.15771484375, 7117.43603515625, 7311.6923828125, 6449.82666015625, 7162.81884765625, 6824.7333984375, 7352.56787109375, 7100.2119140625, 7118.04638671875, 7151.2373046875, 6583.21142578125, 7083.583984375, 6988.22314453125, 7198.9970703125, 6695.61376953125, 7097.04345703125, 7201.859375, 6963.88720703125, 7094.68408203125, 7270.64013671875, 6467.15771484375], "val_loss": 0.7480101585388184, "test_loss": 0.6773624420166016, "_timestamp": 1751379679.259278, "_runtime": 130.8331639766693, "_step": 40, "_wandb": {"runtime": 130}}