{"epoch": 49, "train_loss": [7264.4091796875, 7289.669921875, 7509.6640625, 0.9837063550949097, 0.8998193740844727, 0.9989951252937317, 0.966615617275238, 0.9581538438796997, 0.9807154536247253, 7423.0361328125, 7354.0498046875, 7368.48681640625, 7412.93115234375, 7526.958984375, 6905.40283203125, 7391.986328125, 7425.29931640625, 0.9469841718673706, 0.9441375732421875, 7623.5302734375, 7381.58349609375, 0.912605881690979, 7240.19677734375, 7273.57373046875, 0.8992721438407898, 6764.8623046875, 0.97186279296875, 7230.1064453125, 6678.0771484375, 7548.728515625, 7568.69189453125, 0.8997453451156616, 7501.3486328125, 7363.07958984375, 0.9701094627380371, 7275.94189453125], "val_loss": 0.7396607995033264, "test_loss": 0.6741481423377991, "_timestamp": 1751419934.5995028, "_runtime": 339.25988388061523, "_step": 99, "_wandb": {"runtime": 339}}