{"epoch": 49, "train_loss": [30933.283203125, 0.9894890189170837, 0.9894623756408691, 0.9743277430534363, 30122.82421875, 1.0010950565338135, 0.975827157497406, 29622.1953125, 29994.662109375], "val_loss": 0.7478852868080139, "test_loss": 0.6893749833106995, "_timestamp": 1751415857.9913614, "_runtime": 129.08141446113586, "_step": 99, "_wandb": {"runtime": 127}}