{"epoch": 7, "train_loss": [0.9366517663002014, 6980.01416015625, 7127.958984375, 7211.38916015625, 0.9187168478965759, 6591.18408203125, 6810.8291015625, 6440.31640625, 7144.87158203125, 0.918682873249054, 6944.99755859375, 0.8696525692939758, 0.9261742234230042, 7283.3037109375, 0.9112474322319031, 0.9239650964736938, 6554.14990234375, 7038.99755859375, 6493.986328125, 6977.63818359375, 7155.55419921875, 7168.63330078125, 0.9401323199272156, 7087.08984375, 7033.79248046875, 0.9248425960540771, 0.9395045042037964, 6715.267578125, 6751.28369140625, 0.9048633575439453, 6950.654296875, 7020.63037109375, 7182.703125, 0.9065139293670654, 7207.35546875, 0.9454594254493713], "val_loss": 0.7533087134361267, "test_loss": 0.6812111139297485, "_timestamp": 1751366148.019113, "_runtime": 104.56610918045044, "_step": 28, "_wandb": {"runtime": 104}}