{"epoch": 34, "train_loss": [0.8938204646110535, 14453.1845703125, 0.9189364314079285, 14488.71875, 13828.1162109375, 14596.3837890625, 14682.6767578125, 14466.109375, 0.9490410089492798, 14265.8251953125, 0.8774105906486511, 14744.5712890625, 0.8980526924133301, 0.9167618155479431, 14500.75390625, 0.920596182346344, 14391.94921875, 14411.8349609375], "val_loss": 0.7479372024536133, "test_loss": 0.678546130657196, "_timestamp": 1751370224.4010274, "_runtime": 136.2086055278778, "_step": 84, "_wandb": {"runtime": 136}}