{"epoch": 25, "train_loss": [0.940318763256073, 7032.642578125, 6900.6953125, 0.9270551800727844, 7126.6591796875, 6848.5751953125, 7213.24609375, 7177.5869140625, 0.8733375668525696, 7104.966796875, 0.9301093220710754, 7215.224609375, 0.9340880513191223, 0.8803626894950867, 0.9228627681732178, 7145.00390625, 0.8564081788063049, 7014.33203125, 7030.31787109375, 0.9261481761932373, 7097.2744140625, 6470.93408203125, 6862.54296875, 7261.50830078125, 7162.0888671875, 0.9068884253501892, 0.9250323176383972, 7370.36328125, 0.9309924840927124, 0.8710176348686218, 0.8887475728988647, 0.9517967700958252, 7243.18017578125, 0.9483591914176941, 7428.22802734375, 0.9276513457298279], "val_loss": 0.7468421459197998, "test_loss": 0.6782761216163635, "_timestamp": 1751378619.630107, "_runtime": 131.3695569038391, "_step": 41, "_wandb": {"runtime": 131}}