{"epoch": 42, "train_loss": [29133.962890625, 0.925016462802887, 0.9197636246681213, 28694.84375, 0.9599689245223999, 0.9585451483726501, 28845.89453125, 0.9459723234176636, 0.9414654970169067], "val_loss": 0.7381946444511414, "test_loss": 0.6785614490509033, "_timestamp": 1751402284.9096086, "_runtime": 94.96173071861267, "_step": 92, "_wandb": {"runtime": 94}}