{"epoch": 24, "train_loss": [0.9499515295028687, 29286.564453125, 0.9454959630966187, 28678.73046875, 29692.08984375, 29170.97265625, 0.9641056656837463, 29355.916015625, 28554.181640625], "val_loss": 0.7453718185424805, "test_loss": 0.6867077350616455, "_timestamp": 1751368189.0218525, "_runtime": 97.76347947120667, "_step": 74, "_wandb": {"runtime": 97}}