{"epoch": 45, "train_loss": [6964.21337890625, 0.9626812934875488, 7473.06640625, 7284.3583984375, 7582.888671875, 7502.11083984375, 0.9423035383224487, 0.9638636708259583, 0.9567508101463318, 0.9739450812339783, 6854.99658203125, 7338.9658203125, 7164.44091796875, 7373.93994140625, 0.9429798722267151, 7392.26708984375, 7561.9755859375, 7436.29052734375, 7389.21826171875, 0.8771006464958191, 7394.95263671875, 7169.6083984375, 7306.87353515625, 7296.62646484375, 0.9513044953346252, 7626.05517578125, 0.9359087944030762, 0.9222919344902039, 6881.14697265625, 0.942638099193573, 7311.85205078125, 0.8769553303718567, 0.9389064908027649, 0.9570509195327759, 7412.1162109375, 6769.08154296875], "val_loss": 0.7366898059844971, "test_loss": 0.6710991263389587, "_timestamp": 1751406063.8807557, "_runtime": 234.62529873847961, "_step": 87, "_wandb": {"runtime": 235}}