{"epoch": 41, "train_loss": [14291.345703125, 0.9575914740562439, 0.9958056211471558, 13914.435546875, 14958.50390625, 15200.4931640625, 14389.9638671875, 0.9638782739639282, 0.9861769080162048, 0.9927865266799927, 0.9434148669242859, 14820.666015625, 0.9814682602882385, 0.9645695686340332, 14901.4443359375, 0.9449101686477661, 15401.796875, 14538.701171875], "val_loss": 0.7444602251052856, "test_loss": 0.6786043047904968, "_timestamp": 1751394719.6035614, "_runtime": 173.17756843566895, "_step": 91, "_wandb": {"runtime": 173}}