{"epoch": 9, "train_loss": [75462.2109375, 0.8388165235519409, 79929.8515625, 0.8869852423667908, 0.980606734752655, 85824.3984375, 0.704953134059906, 84517.9140625, 77625.5, 0.9532470107078552, 87650.1484375, 91049.5546875, 81324.0546875, 0.93117755651474], "val_loss": 3.5438601970672607, "test_loss": 3.2562432289123535, "_timestamp": 1751360633.3471525, "_runtime": 52.912060499191284, "_step": 22, "_wandb": {"runtime": 52}}