{"epoch": 49, "train_loss": [7270.642578125, 6641.484375, 7085.72412109375, 0.8924541473388672, 7286.9091796875, 7130.94580078125, 6579.33740234375, 7263.9248046875, 7133.8447265625, 6746.70166015625, 7365.4423828125, 0.9099137187004089, 7448.484375, 7150.0771484375, 7375.86181640625, 7313.5166015625, 7362.8798828125, 7381.64453125, 7283.57421875, 7288.91552734375, 7249.08447265625, 0.9727007150650024, 0.9384046792984009, 7197.68603515625, 7303.14111328125, 7392.58984375, 0.9226224422454834, 7258.69580078125, 7242.302734375, 0.9451501965522766, 7220.35791015625, 7577.587890625, 0.9460341334342957, 7310.8486328125, 6894.5556640625, 0.8606350421905518], "val_loss": 0.735170304775238, "test_loss": 0.6697845458984375, "_timestamp": 1751420288.1115112, "_runtime": 323.2760112285614, "_step": 94, "_wandb": {"runtime": 324}}