{"epoch": 27, "train_loss": [0.9700267910957336, 15216.671875, 14358.1826171875, 14681.94140625, 14711.8779296875, 15389.826171875, 13880.232421875, 14953.2705078125, 14888.1767578125, 14927.1376953125, 14274.6669921875, 14823.9853515625, 14999.4501953125, 14861.849609375, 15101.5478515625, 0.994800865650177, 0.9926602244377136, 0.9474374651908875], "val_loss": 0.7406560778617859, "test_loss": 0.6765398979187012, "_timestamp": 1751386283.3095593, "_runtime": 123.52588629722595, "_step": 77, "_wandb": {"runtime": 123}}