{"epoch": 8, "train_loss": [1.017491102218628, 7866.77880859375, 0.9623668193817139, 7771.72998046875, 7733.49609375, 1.0452755689620972, 0.9420010447502136, 7469.341796875, 7789.47705078125, 7771.2451171875, 7689.03662109375, 7077.5302734375, 7676.1640625, 7662.73046875, 0.9196411967277527, 7434.53466796875, 7775.4326171875, 7071.18359375, 7704.69970703125, 7592.1279296875, 7581.14306640625, 0.9579665660858154, 1.010041356086731, 7956.1689453125, 7668.0458984375, 7702.357421875, 7944.34521484375, 7639.8330078125, 1.0044689178466797, 0.9569346308708191, 7721.41015625, 7747.7109375, 7569.6025390625, 7515.5712890625, 7589.97021484375, 7869.025390625], "val_loss": 0.7537012696266174, "test_loss": 0.6882848739624023, "_timestamp": 1751407335.5037277, "_runtime": 130.0541307926178, "_step": 30, "_wandb": {"runtime": 130}}