{"epoch": 20, "train_loss": [0.9517145752906799, 0.8619864583015442, 14510.8359375, 0.9280826449394226, 14585.939453125, 0.9219237565994263, 14237.1171875, 13413.61328125, 14063.625, 14664.064453125, 14337.4599609375, 14298.8427734375, 13914.2880859375, 14295.1279296875, 14422.1572265625, 14342.09765625, 13806.8642578125, 14269.9970703125], "val_loss": 0.7421023845672607, "test_loss": 0.6728128790855408, "_timestamp": 1751394318.7465403, "_runtime": 82.60731339454651, "_step": 39, "_wandb": {"runtime": 82}}