{"epoch": 24, "train_loss": [7118.53857421875, 0.9482274055480957, 0.8600279688835144, 0.9639027714729309, 0.9531664848327637, 7321.201171875, 6728.5751953125, 7130.98046875, 7357.6220703125, 7301.89208984375, 0.9023164510726929, 6596.357421875, 7196.1171875, 0.9399968981742859, 7309.04833984375, 0.9652669429779053, 7014.9111328125, 7212.60009765625, 7148.12353515625, 7138.708984375, 0.9400803446769714, 7055.54736328125, 7275.69091796875, 0.9474426507949829, 0.9473152160644531, 7269.97265625, 6623.84912109375, 7200.494140625, 6829.07568359375, 7169.4228515625, 7016.00732421875, 0.9654035568237305, 0.9316022992134094, 7261.96728515625, 6831.29150390625, 7143.07275390625], "val_loss": 0.7367522716522217, "test_loss": 0.6720072031021118, "_timestamp": 1751376789.126613, "_runtime": 154.2569398880005, "_step": 50, "_wandb": {"runtime": 154}}