{"epoch": 16, "train_loss": [0.9518629312515259, 7271.912109375, 6862.2021484375, 7455.966796875, 7635.8125, 0.9266965985298157, 7357.53515625, 6952.5205078125, 7594.08251953125, 0.9568222165107727, 0.9709583520889282, 7444.06396484375, 7387.431640625, 7446.5322265625, 1.0039557218551636, 0.9768291115760803, 0.9559964537620544, 0.9735442996025085, 7516.6884765625, 6846.97412109375, 7522.943359375, 6890.416015625, 7404.423828125, 1.0170317888259888, 7184.255859375, 7490.97607421875, 7607.85546875, 7571.287109375, 7515.171875, 0.993107795715332, 0.9790536165237427, 0.9858112931251526, 0.948735773563385, 0.9886577725410461, 0.9960719347000122, 7775.3564453125], "val_loss": 0.7496493458747864, "test_loss": 0.6828547120094299, "_timestamp": 1751371422.7379153, "_runtime": 185.88422226905823, "_step": 59, "_wandb": {"runtime": 185}}