{"epoch": 26, "train_loss": [0.9528886079788208, 15023.0546875, 14585.482421875, 0.9259581565856934, 14879.9208984375, 14672.4580078125, 15100.86328125, 14860.3779296875, 13903.22265625, 14960.3671875, 0.9426213502883911, 15191.46875, 14993.4169921875, 0.9222581386566162, 14775.4287109375, 14793.1767578125, 0.9296761155128479, 0.9694079756736755], "val_loss": 0.7432509064674377, "test_loss": 0.675694465637207, "_timestamp": 1751393839.6718068, "_runtime": 102.35793280601501, "_step": 65, "_wandb": {"runtime": 102}}