{"epoch": 23, "train_loss": [0.9877276420593262, 30542.486328125, 29119.607421875, 30308.53125, 30703.998046875, 30599.755859375, 30042.623046875, 0.9922767281532288, 31146.455078125], "val_loss": 0.752413272857666, "test_loss": 0.6948831081390381, "_timestamp": 1751417402.7147458, "_runtime": 68.91080975532532, "_step": 73, "_wandb": {"runtime": 69}}