{"epoch": 49, "train_loss": [14670.40234375, 14394.642578125, 0.9576143622398376, 14085.3701171875, 14921.9345703125, 14622.525390625, 14586.2705078125, 14969.6923828125, 14767.6513671875, 14039.9296875, 0.9322949647903442, 14194.978515625, 14664.3544921875, 0.9269663691520691, 14321.2236328125, 0.9640994668006897, 0.9585282802581787, 14794.84375], "val_loss": 0.7405858039855957, "test_loss": 0.6752427220344543, "_timestamp": 1751400100.5738788, "_runtime": 187.53898787498474, "_step": 99, "_wandb": {"runtime": 187}}