{"epoch": 11, "train_loss": [0.9097362160682678, 0.934039831161499, 7124.60595703125, 6869.0224609375, 6549.0791015625, 6948.671875, 0.9335144758224487, 0.9274342656135559, 6859.46484375, 7341.80908203125, 7279.5908203125, 0.9388958215713501, 0.939852237701416, 0.9444724917411804, 7474.765625, 0.8713694214820862, 7283.322265625, 7288.822265625, 6776.3203125, 7360.49072265625, 0.9325079917907715, 7184.9365234375, 6782.1416015625, 7307.7021484375, 0.9379742741584778, 0.9483444690704346, 7317.4873046875, 0.9505645632743835, 6608.951171875, 0.8776333928108215, 7100.6484375, 7226.74462890625, 0.9404569864273071, 7101.7373046875, 7375.59521484375, 0.944342851638794], "val_loss": 0.7505085468292236, "test_loss": 0.6866557598114014, "_timestamp": 1751381793.4375434, "_runtime": 107.12600946426392, "_step": 30, "_wandb": {"runtime": 106}}