{"epoch": 6, "train_loss": [6926.2099609375, 7365.7783203125, 0.9771355390548706, 7702.2529296875, 0.9919971823692322, 0.9972370266914368, 7720.3466796875, 0.9732549786567688, 1.0249162912368774, 7566.7666015625, 7049.7216796875, 1.0043573379516602, 7563.005859375, 7884.0146484375, 7593.78466796875, 7871.43408203125, 7715.17529296875, 7696.97314453125, 7692.1943359375, 7040.30859375, 7837.068359375, 0.9905650615692139, 7213.71435546875, 7167.3017578125, 7940.478515625, 7250.13037109375, 0.995276927947998, 7691.9365234375, 1.0206713676452637, 0.9984697103500366, 1.0396937131881714, 7833.86474609375, 0.9881483912467957, 7678.94091796875, 7649.44970703125, 7532.50341796875], "val_loss": 0.7557506561279297, "test_loss": 0.6929807662963867, "_timestamp": 1751369682.17566, "_runtime": 118.06247878074646, "_step": 34, "_wandb": {"runtime": 118}}