{"epoch": 49, "train_loss": [1.0362719297409058, 0.9456588625907898, 1.01502525806427, 7880.328125, 7446.83203125, 7883.2734375, 7694.81298828125, 0.9675967693328857, 7848.4150390625, 7829.2744140625, 7929.30810546875, 1.0696443319320679, 1.0284714698791504, 8064.0537109375, 7537.94921875, 7690.06201171875, 1.0382788181304932, 7939.763671875, 7236.48486328125, 1.0262762308120728, 7164.380859375, 7765.4619140625, 8063.95751953125, 1.0154948234558105, 7515.9013671875, 1.0008270740509033, 7934.662109375, 7860.48681640625, 7993.83544921875, 1.0299737453460693, 8146.830078125, 1.023378610610962, 7763.984375, 7866.1943359375, 1.05754816532135, 1.0757807493209839], "val_loss": 0.7533921599388123, "test_loss": 0.6930698752403259, "_timestamp": 1751366469.6611292, "_runtime": 297.1833653450012, "_step": 99, "_wandb": {"runtime": 297}}