{"epoch": 30, "train_loss": [15202.0556640625, 14651.025390625, 1.0107412338256836, 0.9755808115005493, 15317.943359375, 15336.5810546875, 14535.0126953125, 15510.3154296875, 14374.2041015625, 1.0040334463119507, 1.0073133707046509, 15097.8212890625, 15253.2841796875, 0.9989215731620789, 0.9584279656410217, 14949.6259765625, 0.9909552335739136, 0.9916528463363647], "val_loss": 0.7441787719726562, "test_loss": 0.6797301769256592, "_timestamp": 1751394907.1195364, "_runtime": 160.72364950180054, "_step": 77, "_wandb": {"runtime": 161}}