{"epoch": 10, "train_loss": [33066.5703125, 32948.55078125, 33173.80078125, 32296.244140625, 32548.97265625, 33484.60546875, 32909.4609375, 33335.98828125, 33742.01171875], "val_loss": 0.7659077644348145, "test_loss": 0.7101658582687378, "_timestamp": 1751367183.1558514, "_runtime": 81.7066752910614, "_step": 55, "_wandb": {"runtime": 81}}