{"epoch": 5, "train_loss": [14054.7421875, 10870.15234375, 9516.1083984375, 8892.1328125, 7352.93896484375, 11898.34375, 13756.9013671875, 8617.1220703125, 11264.0224609375, 4938.7158203125, 6122.26220703125, 0.9132958650588989, 10875.833984375, 6638.8408203125, 10398.888671875, 7603.029296875, 7984.00048828125, 0.6951813101768494, 11031.7099609375, 10159.1279296875, 9765.5693359375, 9720.4990234375, 11342.572265625, 12691.994140625, 0.8840402960777283, 1.068068027496338, 1.1138280630111694, 9155.7333984375, 0.8123894333839417, 12828.1083984375, 13456.5, 12680.634765625, 13155.5693359375, 9541.6171875, 11718.3935546875, 10057.107421875, 12063.8388671875, 9895.1142578125, 1.0351612567901611, 9783.5009765625, 9810.509765625, 12079.1337890625, 13742.240234375, 1.0309054851531982, 1.2040276527404785, 10426.6845703125, 12670.142578125, 10688.326171875, 11197.6591796875, 9115.4296875, 11257.0185546875, 0.6675829887390137, 9446.0205078125, 9031.10546875, 17477.724609375, 8694.24609375, 11998.3828125, 11811.2734375, 6648.97314453125, 11633.021484375, 7072.19921875, 9072.837890625, 9074.9140625, 7567.11865234375, 10222.236328125, 12403.923828125, 5901.58251953125, 8265.5234375, 8122.470703125, 7066.6982421875, 10052.65625, 10354.306640625, 0.7257400155067444, 0.6413532495498657, 12034.490234375, 7755.51025390625, 0.724918007850647, 7367.2470703125, 12621.486328125, 9530.23046875, 11975.7548828125, 0.9906710386276245, 9941.1103515625, 9681.51953125, 9436.0400390625, 0.743445634841919, 7507.7880859375, 8897.1953125, 9299.69921875, 7143.0908203125, 1.2435240745544434, 1.117356300354004, 6431.857421875, 0.8789704442024231, 12245.9912109375, 7746.36669921875, 1.1152313947677612, 9351.060546875, 9979.6943359375, 0.8225822448730469, 9921.453125, 11001.625, 10119.1630859375, 0.6724163889884949, 0.7859954237937927, 1.1606343984603882, 13515.939453125, 10228.7587890625, 9422.8984375, 10078.7568359375, 1.0769195556640625, 12744.4375, 9168.99609375, 11413.125, 0.6080132126808167, 6550.40380859375, 11617.052734375, 13708.697265625, 9483.8330078125], "val_loss": 3.5324394702911377, "test_loss": 3.393681049346924, "_timestamp": 1751361618.5128753, "_runtime": 83.32736325263977, "_step": 15, "_wandb": {"runtime": 82}}