{"epoch": 38, "train_loss": [0.9916551113128662, 14772.140625, 14712.0888671875, 15253.2529296875, 0.988436222076416, 1.018133521080017, 15306.5478515625, 15193.2197265625, 14417.8642578125, 0.989050030708313, 14533.3232421875, 0.9787832498550415, 15480.1298828125, 0.9995974898338318, 15335.25, 0.9627504944801331, 15409.8017578125, 14664.2861328125], "val_loss": 0.7441368699073792, "test_loss": 0.6809272766113281, "_timestamp": 1751388110.293278, "_runtime": 113.6827940940857, "_step": 88, "_wandb": {"runtime": 113}}