{"epoch": 31, "train_loss": [6971.4375, 0.9265021681785583, 0.9364411234855652, 7141.50927734375, 0.9226170778274536, 7155.91064453125, 7288.046875, 0.9121620655059814, 7261.76318359375, 7125.705078125, 7072.30615234375, 7100.06201171875, 7084.751953125, 6605.0078125, 0.9268374443054199, 0.9487090706825256, 0.9275324940681458, 7296.47314453125, 7035.375, 7102.83251953125, 7198.14404296875, 0.884056568145752, 7209.72119140625, 6699.408203125, 0.8458626866340637, 0.918662965297699, 0.9622706770896912, 6453.3212890625, 0.9462917447090149, 7424.12353515625, 7316.06005859375, 0.9234778881072998, 0.8762983083724976, 6411.57568359375, 7050.06103515625, 7200.669921875], "val_loss": 0.7377604246139526, "test_loss": 0.6711708903312683, "_timestamp": 1751391910.0054493, "_runtime": 205.92531633377075, "_step": 70, "_wandb": {"runtime": 206}}