{"epoch": 49, "train_loss": [0.9322958588600159, 0.9378993511199951, 29160.0078125, 29994.505859375, 29214.02734375, 29217.037109375, 0.9644501805305481, 29651.7890625, 30067.125], "val_loss": 0.7419348955154419, "test_loss": 0.682359516620636, "_timestamp": 1751407838.72799, "_runtime": 85.06846785545349, "_step": 76, "_wandb": {"runtime": 85}}