{"epoch": 23, "train_loss": [0.9436016082763672, 0.9126205444335938, 13382.56640625, 13699.7744140625, 14456.7060546875, 14585.6630859375, 14687.3349609375, 13825.845703125, 0.9433820247650146, 0.9461619257926941, 14380.7734375, 0.9544396996498108, 14025.90234375, 0.9167126417160034, 14428.26171875, 14118.669921875, 0.9322811365127563, 13949.3681640625], "val_loss": 0.74577397108078, "test_loss": 0.6767522096633911, "_timestamp": 1751371957.310964, "_runtime": 126.00340604782104, "_step": 65, "_wandb": {"runtime": 125}}