{"epoch": 8, "train_loss": [0.8745249509811401, 6809.1474609375, 0.9214625954627991, 7346.6796875, 7236.0185546875, 7124.1748046875, 0.9480154514312744, 7305.12353515625, 0.9230158925056458, 0.9144471287727356, 7115.57421875, 7169.43115234375, 0.9595147371292114, 6567.8076171875, 0.9490907192230225, 0.8558858036994934, 6884.29296875, 7485.83984375, 0.8615431189537048, 7179.080078125, 0.9536216259002686, 0.8850196599960327, 0.9554665088653564, 7156.44091796875, 7175.3125, 7220.0283203125, 7172.15185546875, 7207.9580078125, 0.9432829022407532, 7045.51318359375, 0.9671885967254639, 7190.390625, 0.9383137822151184, 0.964097261428833, 7371.326171875, 7189.087890625], "val_loss": 0.7459287643432617, "test_loss": 0.678177535533905, "_timestamp": 1751365763.9883957, "_runtime": 121.87350678443909, "_step": 35, "_wandb": {"runtime": 120}}