{"epoch": 47, "train_loss": [0.8937135934829712, 7378.60986328125, 6714.76904296875, 7180.77294921875, 0.9463237524032593, 0.9786359071731567, 7450.8837890625, 0.9482312798500061, 7391.0654296875, 6610.1953125, 0.9566498398780823, 7356.42626953125, 7230.01953125, 0.9626533389091492, 0.904328465461731, 7421.29931640625, 6568.94287109375, 7240.37158203125, 7364.662109375, 7367.986328125, 0.876553475856781, 7102.0576171875, 7306.5009765625, 7207.75146484375, 6961.76806640625, 7250.02734375, 7223.2919921875, 7113.4228515625, 0.9283515214920044, 0.9769105911254883, 7237.87744140625, 0.9594021439552307, 7101.94384765625, 7376.72900390625, 7391.14501953125, 7178.72021484375], "val_loss": 0.7347332835197449, "test_loss": 0.6698077917098999, "_timestamp": 1751400921.742855, "_runtime": 198.72198295593262, "_step": 63, "_wandb": {"runtime": 199}}