{"epoch": 35, "train_loss": [14297.921875, 13763.4111328125, 14253.728515625, 14300.572265625, 0.9524723887443542, 0.8961207270622253, 14277.1005859375, 13552.6982421875, 0.9549638628959656, 0.9360358715057373, 0.8627109527587891, 13889.5888671875, 0.9048441648483276, 14289.0361328125, 14024.4013671875, 0.9358351230621338, 0.9392045736312866, 0.928773820400238], "val_loss": 0.7328816652297974, "test_loss": 0.6667662262916565, "_timestamp": 1751417969.1657064, "_runtime": 159.07665133476257, "_step": 85, "_wandb": {"runtime": 159}}