{"epoch": 22, "train_loss": [0.9575660228729248, 7469.47509765625, 0.9617984294891357, 1.0107272863388062, 7502.23193359375, 7580.6982421875, 7482.76025390625, 7657.9306640625, 6922.837890625, 7193.412109375, 7341.44384765625, 1.0091991424560547, 0.9207252860069275, 0.9867685437202454, 7502.30078125, 7628.107421875, 7495.802734375, 1.0092054605484009, 7430.16162109375, 7598.77734375, 7032.92578125, 7752.59130859375, 7506.74609375, 0.9249102473258972, 6809.177734375, 0.9834814667701721, 7425.39208984375, 7500.63330078125, 0.9932389855384827, 7647.029296875, 7475.91357421875, 7562.328125, 7417.0595703125, 7421.5654296875, 0.9776408076286316, 6885.8544921875], "val_loss": 0.7502354383468628, "test_loss": 0.6862267851829529, "_timestamp": 1751374827.2085989, "_runtime": 200.86101388931274, "_step": 67, "_wandb": {"runtime": 200}}