{"epoch": 36, "train_loss": [14738.3505859375, 14159.5244140625, 14221.525390625, 0.9487506151199341, 13735.9892578125, 14732.056640625, 14797.4150390625, 0.9259664416313171, 14545.0283203125, 14754.4404296875, 14556.5322265625, 14064.4697265625, 14329.9267578125, 14854.8818359375, 14339.0087890625, 0.985197126865387, 14773.478515625, 14712.5244140625], "val_loss": 0.7396856546401978, "test_loss": 0.6732721924781799, "_timestamp": 1751402767.0039165, "_runtime": 134.1932134628296, "_step": 86, "_wandb": {"runtime": 133}}