{"epoch": 41, "train_loss": [0.9153775572776794, 14658.138671875, 14749.6669921875, 14120.7431640625, 14698.041015625, 14055.1142578125, 14384.3671875, 14651.615234375, 14776.138671875, 14399.0556640625, 13266.173828125, 0.9659817814826965, 0.9332779049873352, 14385.0263671875, 14121.892578125, 0.9616757035255432, 0.9711570739746094, 14657.5], "val_loss": 0.735472559928894, "test_loss": 0.6699633598327637, "_timestamp": 1751406665.2021184, "_runtime": 176.77564930915833, "_step": 91, "_wandb": {"runtime": 176}}