{"epoch": 9, "train_loss": [7464.97314453125, 6952.4990234375, 7581.0380859375, 6740.91796875, 0.9653953909873962, 0.961890459060669, 7814.568359375, 7514.6044921875, 0.978262186050415, 7555.87158203125, 7520.201171875, 7386.6162109375, 7273.4892578125, 0.9717121124267578, 6763.716796875, 0.9770252108573914, 0.9655388593673706, 1.012513518333435, 7374.17919921875, 0.949020266532898, 6841.7744140625, 7358.978515625, 7023.193359375, 7582.3349609375, 7342.009765625, 7709.548828125, 7439.6162109375, 0.9999876022338867, 7636.43603515625, 7263.2041015625, 7112.1962890625, 6982.7294921875, 7514.4619140625, 7397.7216796875, 7282.1962890625, 7487.771484375], "val_loss": 0.7523892521858215, "test_loss": 0.6889458298683167, "_timestamp": 1751378465.6548905, "_runtime": 87.85722851753235, "_step": 24, "_wandb": {"runtime": 87}}