{"epoch": 8, "train_loss": [7703.99951171875, 7765.669921875, 7615.63720703125, 1.022059679031372, 1.0454118251800537, 1.0021194219589233, 7340.5693359375, 7645.8408203125, 7191.46484375, 0.948229968547821, 1.0242352485656738, 0.9989755749702454, 7788.572265625, 0.9785032272338867, 7856.10693359375, 7743.3193359375, 7836.546875, 1.0274571180343628, 7163.49658203125, 1.0373132228851318, 1.0443090200424194, 7657.4765625, 7529.6435546875, 1.0345560312271118, 7575.3525390625, 7829.75732421875, 7722.7412109375, 7605.5517578125, 1.0065157413482666, 7952.3349609375, 7261.0380859375, 7671.208984375, 1.021198034286499, 7697.169921875, 7864.18505859375, 0.9340904951095581], "val_loss": 0.7541632056236267, "test_loss": 0.6892160773277283, "_timestamp": 1751367369.6154852, "_runtime": 163.00346112251282, "_step": 49, "_wandb": {"runtime": 163}}