{"epoch": 5, "train_loss": [7596.0126953125, 7169.6748046875, 7562.83984375, 0.9838770627975464, 0.9914150834083557, 7859.30419921875, 7171.763671875, 0.9410464763641357, 7526.5341796875, 7499.4423828125, 7580.36767578125, 0.9828938245773315, 7804.42578125, 7411.3466796875, 6891.404296875, 7378.2548828125, 0.9876532554626465, 6930.90185546875, 7659.04541015625, 7548.80712890625, 7527.390625, 7558.41748046875, 7778.43310546875, 7575.708984375, 7689.59375, 7622.337890625, 7836.8603515625, 7453.23291015625, 7337.458984375, 0.9269285798072815, 7395.259765625, 7841.841796875, 7714.2841796875, 0.90070641040802, 7527.72412109375, 7604.482421875], "val_loss": 0.7518298029899597, "test_loss": 0.6870243549346924, "_timestamp": 1751380308.804412, "_runtime": 99.17774987220764, "_step": 28, "_wandb": {"runtime": 98}}