{"epoch": 5, "train_loss": [6560.548828125, 0.9174676537513733, 7122.53173828125, 7372.30517578125, 7186.888671875, 0.9330724477767944, 0.9427870512008667, 7313.19970703125, 7047.8828125, 7035.5478515625, 7129.56982421875, 6653.93310546875, 0.8988164663314819, 7164.63134765625, 0.961044430732727, 0.9269982576370239, 7082.0849609375, 7040.306640625, 7177.65185546875, 7063.1494140625, 0.9099792242050171, 7122.052734375, 7449.826171875, 6528.53515625, 6791.6982421875, 7292.85009765625, 6749.62548828125, 0.853021502494812, 0.9370259642601013, 7400.14501953125, 7198.02197265625, 7189.712890625, 7056.39453125, 0.9578968286514282, 0.9406803846359253, 0.9444717168807983], "val_loss": 0.7534915208816528, "test_loss": 0.6836009621620178, "_timestamp": 1751383198.5600555, "_runtime": 125.2976803779602, "_step": 37, "_wandb": {"runtime": 125}}