{"epoch": 43, "train_loss": [7584.6923828125, 7100.11181640625, 1.0007424354553223, 7934.0888671875, 1.0056025981903076, 7604.3701171875, 7816.54296875, 7642.20068359375, 7754.1416015625, 1.0153692960739136, 1.0015411376953125, 7069.802734375, 1.036563515663147, 7203.88232421875, 7809.9794921875, 7687.71875, 0.961024820804596, 0.9625765085220337, 7605.37060546875, 0.9997278451919556, 1.0320554971694946, 0.9076055288314819, 1.017508625984192, 7649.9560546875, 1.0041823387145996, 7756.60205078125, 7715.0537109375, 7223.3779296875, 7617.47265625, 7778.7119140625, 7639.5712890625, 7536.7392578125, 7780.3056640625, 7520.77734375, 7965.732421875, 1.010658621788025], "val_loss": 0.7504477500915527, "test_loss": 0.6860346794128418, "_timestamp": 1751384199.4894242, "_runtime": 233.74125814437866, "_step": 80, "_wandb": {"runtime": 233}}