{"epoch": 27, "train_loss": [0.9248194694519043, 0.9723582863807678, 0.9455097317695618, 6964.0791015625, 7247.02880859375, 0.8570786714553833, 7095.43896484375, 0.9530559182167053, 7443.552734375, 7395.91064453125, 7249.19287109375, 0.9402497410774231, 0.9657526612281799, 6833.06787109375, 7302.38671875, 7393.63671875, 6998.12841796875, 7283.7529296875, 0.9351422786712646, 0.9241777062416077, 6741.2431640625, 7216.853515625, 0.9459596276283264, 0.951336145401001, 7351.2431640625, 7202.5, 6627.70166015625, 7172.64501953125, 0.9451025128364563, 7366.92333984375, 6536.24853515625, 6809.05517578125, 7332.2392578125, 6983.5439453125, 0.9807160496711731, 7396.94287109375], "val_loss": 0.7333366870880127, "test_loss": 0.6684568524360657, "_timestamp": 1751405479.2899027, "_runtime": 208.51659274101257, "_step": 77, "_wandb": {"runtime": 208}}