{"epoch": 19, "train_loss": [29844.091796875, 29564.09375, 0.9792945981025696, 0.9549939036369324, 29711.60546875, 30572.029296875, 0.9662742614746094, 0.9883697032928467, 0.9635639190673828], "val_loss": 0.7556169629096985, "test_loss": 0.6977140307426453, "_timestamp": 1751415036.0897217, "_runtime": 80.9617166519165, "_step": 69, "_wandb": {"runtime": 81}}