{"epoch": 33, "train_loss": [1.0391196012496948, 7535.0947265625, 7685.8505859375, 0.9833859205245972, 7861.0341796875, 7874.05908203125, 1.0208709239959717, 7535.265625, 7526.3876953125, 7540.8251953125, 0.9051100015640259, 7255.837890625, 0.9874899983406067, 0.9533587098121643, 7604.95458984375, 7617.67236328125, 7683.169921875, 7041.6552734375, 7772.3671875, 7859.6201171875, 1.0172033309936523, 7101.6494140625, 7635.88671875, 7519.93408203125, 7717.7451171875, 7705.900390625, 7580.400390625, 1.0223321914672852, 0.9462679624557495, 7553.71923828125, 7728.1044921875, 7613.630859375, 7207.57568359375, 7599.8544921875, 0.9949389100074768, 0.9864786267280579], "val_loss": 0.7525585293769836, "test_loss": 0.6885322332382202, "_timestamp": 1751404939.7332995, "_runtime": 296.6521065235138, "_step": 83, "_wandb": {"runtime": 297}}