{"epoch": 17, "train_loss": [29858.62890625, 0.9863255023956299, 29887.89453125, 29687.33203125, 30094.205078125, 0.9761334657669067, 29614.060546875, 0.985916018486023, 0.9607164263725281], "val_loss": 0.7512375116348267, "test_loss": 0.6932267546653748, "_timestamp": 1751417116.2125554, "_runtime": 67.4789924621582, "_step": 67, "_wandb": {"runtime": 66}}