{"epoch": 12, "train_loss": [7235.17578125, 6902.498046875, 7119.859375, 0.9342537522315979, 7224.861328125, 6925.328125, 6596.0068359375, 7234.60595703125, 6926.8369140625, 7273.5439453125, 0.9263781905174255, 0.9082006812095642, 7131.5625, 7404.7109375, 0.849471390247345, 0.901805579662323, 0.9321971535682678, 7204.23974609375, 6841.306640625, 7214.1435546875, 0.9314019083976746, 6835.25927734375, 0.9423802495002747, 7210.8125, 7183.69677734375, 0.9206283688545227, 7083.85205078125, 7164.0595703125, 7028.55126953125, 7195.20166015625, 6477.81591796875, 7204.3662109375, 6516.716796875, 7100.99755859375, 6684.73681640625, 0.929556667804718], "val_loss": 0.7391247153282166, "test_loss": 0.672190248966217, "_timestamp": 1751365537.9486237, "_runtime": 110.25315356254578, "_step": 31, "_wandb": {"runtime": 110}}