{"epoch": 28, "train_loss": [7116.42578125, 7141.974609375, 0.8963509798049927, 7351.76318359375, 0.9397925138473511, 0.8749921321868896, 6996.03759765625, 0.9353784322738647, 0.9652262926101685, 0.8468756079673767, 7120.37841796875, 6627.69189453125, 0.9306982755661011, 7056.89208984375, 7084.05712890625, 7049.8779296875, 7119.009765625, 0.9546170830726624, 0.9309986233711243, 7388.7587890625, 6733.6669921875, 0.9571977853775024, 7271.5126953125, 0.9202044010162354, 7144.53515625, 6998.63330078125, 7292.095703125, 7351.8046875, 0.9048227667808533, 7180.25732421875, 7180.4091796875, 7155.7939453125, 6570.6875, 6989.07275390625, 7020.81640625, 7191.81640625], "val_loss": 0.7429073452949524, "test_loss": 0.6772149801254272, "_timestamp": 1751374600.5513437, "_runtime": 142.36156964302063, "_step": 45, "_wandb": {"runtime": 142}}