{"epoch": 15, "train_loss": [7675.17626953125, 7591.28955078125, 0.991543710231781, 7600.32470703125, 0.9940894246101379, 1.0236724615097046, 6916.78125, 7207.23779296875, 7611.537109375, 7898.546875, 0.9777989387512207, 6927.89697265625, 7048.04931640625, 0.947816789150238, 7581.1279296875, 0.9844927787780762, 7114.19970703125, 7391.68798828125, 7490.3505859375, 7804.90771484375, 7974.0810546875, 7512.2685546875, 1.000223159790039, 7582.75634765625, 7625.74609375, 7563.62109375, 7469.62353515625, 7782.46240234375, 7485.1943359375, 7484.6923828125, 7621.138671875, 0.9278438687324524, 7627.62109375, 0.9785364270210266, 7579.39453125, 7472.953125], "val_loss": 0.7494238615036011, "test_loss": 0.6853778958320618, "_timestamp": 1751380489.0375597, "_runtime": 153.55137872695923, "_step": 48, "_wandb": {"runtime": 153}}