{"epoch": 27, "train_loss": [6752.09130859375, 7017.90283203125, 7296.90283203125, 6475.28759765625, 7335.10400390625, 0.9239304661750793, 7157.6962890625, 7081.77490234375, 7143.35009765625, 7094.6396484375, 6940.240234375, 6938.0732421875, 7141.4521484375, 0.9206767082214355, 7026.25927734375, 6548.171875, 6600.60888671875, 7149.0849609375, 7280.490234375, 0.877901554107666, 0.9356017112731934, 7030.79833984375, 7090.97412109375, 6799.93798828125, 7132.41162109375, 7207.67822265625, 7162.3388671875, 7232.31103515625, 7159.62646484375, 0.9130399823188782, 7390.37060546875, 0.9321237206459045, 7250.30908203125, 0.94049072265625, 0.9458104372024536, 6558.10400390625], "val_loss": 0.7402685284614563, "test_loss": 0.6738746166229248, "_timestamp": 1751402961.0881321, "_runtime": 165.70439910888672, "_step": 44, "_wandb": {"runtime": 165}}