{"epoch": 12, "train_loss": [7637.810546875, 0.999267578125, 7155.0400390625, 7736.6630859375, 7625.0458984375, 7752.6650390625, 7840.9150390625, 0.9544126987457275, 7728.12109375, 1.002325177192688, 7868.4130859375, 7129.37548828125, 1.0240553617477417, 7920.1142578125, 7879.60302734375, 7672.6572265625, 7643.3291015625, 7724.462890625, 7136.4501953125, 7920.947265625, 7547.0, 7221.22314453125, 7322.79931640625, 7760.17919921875, 1.0430481433868408, 7809.27685546875, 7737.79345703125, 1.0170589685440063, 7531.32958984375, 8041.9619140625, 7830.29345703125, 7341.9306640625, 7983.07861328125, 7759.59033203125, 7638.4130859375, 1.0073356628417969], "val_loss": 0.7559341788291931, "test_loss": 0.6912603974342346, "_timestamp": 1751384425.7121515, "_runtime": 107.52213048934937, "_step": 62, "_wandb": {"runtime": 107}}