{"epoch": 40, "train_loss": [14718.7060546875, 14669.8173828125, 0.9567671418190002, 0.9536550641059875, 14324.3359375, 14700.376953125, 14066.58984375, 0.949829638004303, 0.9568932056427002, 0.9282408952713013, 14858.9384765625, 14420.8310546875, 14055.38671875, 13498.87109375, 0.9312159419059753, 0.969165563583374, 14688.29296875, 13999.19140625], "val_loss": 0.7487228512763977, "test_loss": 0.6819623708724976, "_timestamp": 1751375501.527135, "_runtime": 125.32644486427307, "_step": 71, "_wandb": {"runtime": 125}}