{"epoch": 35, "train_loss": [15028.6220703125, 15244.177734375, 15190.2880859375, 1.0271097421646118, 15615.3349609375, 15399.6796875, 0.9943368434906006, 15110.6181640625, 15752.376953125, 15651.650390625, 16007.9765625, 15598.8876953125, 1.0451304912567139, 15585.99609375, 14541.3701171875, 15798.03515625, 15451.0576171875, 15521.5283203125], "val_loss": 0.7562615275382996, "test_loss": 0.6920785903930664, "_timestamp": 1751363978.757111, "_runtime": 46.70207214355469, "_step": 85, "_wandb": {"runtime": 46}}