{"epoch": 7, "train_loss": [7188.33349609375, 0.8717798590660095, 0.962491512298584, 0.9549469947814941, 6973.447265625, 0.9654749035835266, 7314.7431640625, 0.8719855546951294, 7170.10009765625, 7409.12841796875, 7365.08935546875, 7426.169921875, 7521.2158203125, 7422.8623046875, 7257.59765625, 7414.015625, 6750.5048828125, 7156.7685546875, 0.9642214775085449, 7192.3681640625, 7362.0224609375, 7155.2470703125, 6871.4833984375, 0.9506623148918152, 0.9792307615280151, 7309.095703125, 6949.283203125, 7525.92919921875, 7350.58642578125, 6799.13330078125, 7572.3916015625, 7405.595703125, 7324.78662109375, 7175.88720703125, 7358.4658203125, 7454.0673828125], "val_loss": 0.744672417640686, "test_loss": 0.675611138343811, "_timestamp": 1751368063.1790833, "_runtime": 133.65981030464172, "_step": 38, "_wandb": {"runtime": 133}}