{"epoch": 29, "train_loss": [7209.11669921875, 0.9355291128158569, 6821.892578125, 0.8727665543556213, 0.9217079281806946, 0.9595531225204468, 7133.29150390625, 0.9505333304405212, 0.9355289936065674, 7076.095703125, 0.9144374132156372, 0.8479626178741455, 6999.291015625, 7131.13916015625, 7322.4375, 0.9336955547332764, 7057.96435546875, 6583.5673828125, 7195.28857421875, 7028.587890625, 6514.41796875, 7205.6337890625, 6521.30517578125, 0.9426283240318298, 7208.27880859375, 7153.255859375, 0.9556235074996948, 0.9336912631988525, 0.9182671904563904, 6718.48291015625, 7169.0498046875, 7347.35302734375, 7087.1376953125, 7058.78271484375, 7250.25341796875, 7334.041015625], "val_loss": 0.734053373336792, "test_loss": 0.6687785387039185, "_timestamp": 1751412861.2559116, "_runtime": 158.3041126728058, "_step": 41, "_wandb": {"runtime": 158}}