{"epoch": 29, "train_loss": [0.9411354064941406, 7278.11767578125, 6562.07861328125, 6572.392578125, 0.8615410923957825, 7119.9228515625, 6984.33349609375, 7096.87548828125, 7177.6875, 0.9452618360519409, 0.919103741645813, 0.9299224019050598, 7045.89013671875, 7055.91796875, 6948.84814453125, 0.9738956093788147, 6776.1259765625, 7166.310546875, 7064.990234375, 0.9508719444274902, 7357.4638671875, 7166.2578125, 6788.28466796875, 0.9468695521354675, 0.9272875189781189, 0.9413383603096008, 7215.4033203125, 0.8940499424934387, 0.8563005924224854, 7039.982421875, 7192.38427734375, 7183.56787109375, 7130.95654296875, 7206.2421875, 7064.9970703125, 7303.7919921875], "val_loss": 0.7446958422660828, "test_loss": 0.6763679385185242, "_timestamp": 1751379358.619106, "_runtime": 169.08085298538208, "_step": 55, "_wandb": {"runtime": 168}}