{"epoch": 44, "train_loss": [7370.25732421875, 0.8817219734191895, 7177.212890625, 7640.74609375, 7549.95556640625, 7497.77734375, 7169.2548828125, 7479.91650390625, 0.9339848160743713, 0.9645521640777588, 6916.39453125, 0.9884266257286072, 7413.8857421875, 0.9721642136573792, 0.9893543720245361, 6839.0634765625, 7426.86279296875, 7388.67626953125, 7388.87451171875, 0.963138222694397, 7335.7080078125, 7431.7509765625, 7354.57861328125, 0.9131986498832703, 0.9498658776283264, 7522.89794921875, 7338.01904296875, 6770.44580078125, 7236.09326171875, 0.9693078994750977, 0.9146192669868469, 7340.80029296875, 6738.95361328125, 7355.44580078125, 7385.22412109375, 0.9794410467147827], "val_loss": 0.7351941466331482, "test_loss": 0.6707621216773987, "_timestamp": 1751393180.4496455, "_runtime": 290.561776638031, "_step": 80, "_wandb": {"runtime": 291}}