{"epoch": 37, "train_loss": [15004.89453125, 0.9931613802909851, 13676.5576171875, 0.9612382650375366, 0.9871188998222351, 14747.283203125, 14309.4970703125, 14527.7666015625, 14385.03515625, 14810.255859375, 14862.6923828125, 0.9746954441070557, 14818.86328125, 14132.99609375, 14899.697265625, 14695.7421875, 14280.8076171875, 14920.361328125], "val_loss": 0.7370577454566956, "test_loss": 0.6719841361045837, "_timestamp": 1751394212.9485958, "_runtime": 170.12821769714355, "_step": 87, "_wandb": {"runtime": 170}}