{"epoch": 5, "train_loss": [1.001846432685852, 0.9763616919517517, 0.9768180847167969, 7458.1328125, 7344.287109375, 0.9783247113227844, 7411.71484375, 1.0129523277282715, 7377.92724609375, 6916.31494140625, 6939.0439453125, 7847.0068359375, 0.9819954037666321, 7660.505859375, 7357.0126953125, 7449.01513671875, 7492.962890625, 7501.615234375, 7430.515625, 1.0098251104354858, 0.9846994280815125, 7580.02392578125, 7619.1611328125, 1.017276644706726, 7455.2041015625, 7621.1943359375, 0.9331374168395996, 7043.22265625, 6963.5498046875, 7452.52490234375, 0.9415382146835327, 7409.8125, 7296.78515625, 0.9710588455200195, 0.9218865036964417, 7520.15380859375], "val_loss": 0.7484182715415955, "test_loss": 0.6846253871917725, "_timestamp": 1751377370.3715181, "_runtime": 121.10167407989502, "_step": 34, "_wandb": {"runtime": 120}}