{"epoch": 15, "train_loss": [30298.34375, 30507.150390625, 0.9764296412467957, 30383.2578125, 29048.62890625, 30345.787109375, 30489.796875, 29990.025390625, 0.9599116444587708], "val_loss": 0.7510966658592224, "test_loss": 0.6915847063064575, "_timestamp": 1751413290.5729089, "_runtime": 93.78874778747559, "_step": 65, "_wandb": {"runtime": 93}}