{"epoch": 46, "train_loss": [14629.0791015625, 0.905302107334137, 14574.9501953125, 14701.90625, 14690.841796875, 13906.9814453125, 14080.11328125, 14690.615234375, 0.8915905356407166, 14680.9423828125, 14507.4658203125, 14456.15234375, 14663.3515625, 14604.130859375, 14068.5166015625, 13813.25390625, 13892.9423828125, 14551.9169921875], "val_loss": 0.7335256338119507, "test_loss": 0.6686626076698303, "_timestamp": 1751389838.3887734, "_runtime": 132.92555046081543, "_step": 79, "_wandb": {"runtime": 132}}