{"epoch": 6, "train_loss": [30537.16015625, 31838.552734375, 31664.775390625, 31520.517578125, 30129.701171875, 30991.728515625, 30511.484375, 30836.140625, 31972.4921875], "val_loss": 0.7536324858665466, "test_loss": 0.6990359425544739, "_timestamp": 1751413929.6211057, "_runtime": 79.54807472229004, "_step": 53, "_wandb": {"runtime": 79}}