{"epoch": 8, "train_loss": [7514.06884765625, 7463.7626953125, 0.9472100734710693, 7439.8759765625, 6806.8740234375, 0.9836061596870422, 7287.111328125, 7357.65966796875, 0.9744091033935547, 7398.5517578125, 7195.5263671875, 7359.267578125, 0.9581178426742554, 0.8813776969909668, 7660.1884765625, 7549.8447265625, 7321.10107421875, 7251.97802734375, 6683.77734375, 7202.22265625, 7263.150390625, 7240.623046875, 7069.2802734375, 0.9197661876678467, 7183.83154296875, 7361.22265625, 7351.2353515625, 6952.1474609375, 7441.7783203125, 7132.64404296875, 6628.7138671875, 0.9792574644088745, 0.9486345648765564, 0.900261640548706, 7392.59375, 0.9312186241149902], "val_loss": 0.7471458911895752, "test_loss": 0.6789590120315552, "_timestamp": 1751380652.1575377, "_runtime": 136.69257164001465, "_step": 42, "_wandb": {"runtime": 136}}