{"epoch": 45, "train_loss": [0.9385916590690613, 15002.3095703125, 14914.8466796875, 14652.46875, 14596.1767578125, 15038.130859375, 0.9561591148376465, 0.9686814546585083, 14238.880859375, 14260.328125, 14463.17578125, 0.9679018259048462, 0.9884626269340515, 0.9447133541107178, 15063.7392578125, 14732.2666015625, 14850.703125, 14235.6025390625], "val_loss": 0.7383700609207153, "test_loss": 0.6733378767967224, "_timestamp": 1751393475.1235397, "_runtime": 147.85409879684448, "_step": 95, "_wandb": {"runtime": 147}}