{"epoch": 40, "train_loss": [7184.57470703125, 7258.4296875, 6906.56787109375, 7501.076171875, 0.9624989032745361, 7259.93408203125, 6734.58349609375, 7000.42431640625, 6902.70703125, 0.9287226796150208, 7313.64501953125, 7224.61962890625, 7039.39697265625, 7018.56201171875, 6738.33984375, 7204.40869140625, 0.9493171572685242, 7361.94775390625, 0.9420966506004333, 7272.24072265625, 7201.18798828125, 6571.54443359375, 7444.65966796875, 7119.0556640625, 0.9422203898429871, 7194.369140625, 7202.30322265625, 7224.1298828125, 7202.29833984375, 7202.90576171875, 6608.38037109375, 0.8608536720275879, 0.9305835962295532, 0.9587819576263428, 7133.1298828125, 7198.28466796875], "val_loss": 0.7312948107719421, "test_loss": 0.6668444275856018, "_timestamp": 1751402165.43126, "_runtime": 279.75512409210205, "_step": 78, "_wandb": {"runtime": 279}}