{"epoch": 10, "train_loss": [14785.8974609375, 15302.4814453125, 14521.7177734375, 15132.3359375, 14799.443359375, 0.9291189908981323, 14928.478515625, 0.9735139608383179, 15271.8369140625, 0.9414592981338501, 0.9801152348518372, 0.95464688539505, 15031.001953125, 15182.890625, 15022.3271484375, 14251.8681640625, 14579.6201171875, 0.9468874335289001], "val_loss": 0.7513551712036133, "test_loss": 0.6850929856300354, "_timestamp": 1751365116.532661, "_runtime": 72.72228789329529, "_step": 40, "_wandb": {"runtime": 72}}