{"epoch": 5, "train_loss": [15420.908203125, 0.9633275270462036, 15397.5029296875, 15251.9404296875, 15590.24609375, 15004.021484375, 1.0037562847137451, 1.0163748264312744, 1.0182538032531738, 15093.4287109375, 15763.21484375, 14853.3369140625, 15763.7021484375, 15117.96875, 15614.994140625, 1.0061304569244385, 0.9652353525161743, 14731.1787109375], "val_loss": 0.7576113343238831, "test_loss": 0.6928919553756714, "_timestamp": 1751398517.5242648, "_runtime": 106.70556378364563, "_step": 47, "_wandb": {"runtime": 106}}