{"epoch": 38, "train_loss": [7031.35888671875, 6965.236328125, 7155.9169921875, 6938.08154296875, 6949.50341796875, 0.9240960478782654, 0.9302651286125183, 7254.8154296875, 0.9106888771057129, 7243.1416015625, 7042.4140625, 6639.548828125, 7188.75341796875, 6421.68798828125, 0.8425405621528625, 7309.8212890625, 0.9381710290908813, 7174.75390625, 7363.8193359375, 7139.51806640625, 7066.49609375, 7133.705078125, 6996.078125, 6685.123046875, 6947.5869140625, 7098.9228515625, 7197.2451171875, 7065.7236328125, 0.9188576340675354, 7036.60888671875, 6470.3349609375, 6516.314453125, 7000.6982421875, 0.9284970164299011, 6746.875, 0.9313450455665588], "val_loss": 0.7334611415863037, "test_loss": 0.6678835153579712, "_timestamp": 1751416466.8267689, "_runtime": 228.45531392097473, "_step": 62, "_wandb": {"runtime": 228}}