{"epoch": 46, "train_loss": [14465.5302734375, 15019.45703125, 14671.6494140625, 0.9833343625068665, 14989.115234375, 14077.05859375, 14369.58203125, 15031.5244140625, 0.9830730557441711, 14885.2607421875, 0.9788334369659424, 14941.78515625, 0.9727157950401306, 0.985908031463623, 14542.5751953125, 14237.0361328125, 14685.8291015625, 14742.6240234375], "val_loss": 0.7415673136711121, "test_loss": 0.6763179898262024, "_timestamp": 1751395432.6949418, "_runtime": 98.65579986572266, "_step": 59, "_wandb": {"runtime": 98}}