{"epoch": 27, "train_loss": [15035.5185546875, 14417.0361328125, 14061.8388671875, 14442.7646484375, 0.9800046682357788, 0.9907339215278625, 14350.890625, 15274.7822265625, 15007.5869140625, 0.9644520282745361, 14947.37890625, 14487.1708984375, 15305.0458984375, 14791.115234375, 14712.24609375, 14943.1982421875, 0.9901180863380432, 15250.60546875], "val_loss": 0.7478482723236084, "test_loss": 0.6826104521751404, "_timestamp": 1751377221.3872287, "_runtime": 104.59064984321594, "_step": 58, "_wandb": {"runtime": 104}}