{"epoch": 14, "train_loss": [8561.9775390625, 7219.94677734375, 13803.9990234375, 8755.6279296875, 1.0791085958480835, 6779.53369140625, 10614.2802734375, 10128.2509765625, 0.8343316316604614, 1.023242473602295, 8650.115234375, 9748.6005859375, 0.87800532579422, 10942.884765625, 9257.623046875, 13726.203125, 1.2483223676681519, 0.7963651418685913, 0.7318485379219055, 9743.447265625, 9417.9521484375, 8053.39990234375, 7096.2421875, 10761.349609375, 8392.75390625, 0.9247015714645386, 0.6970852613449097, 7690.4609375, 15455.5791015625, 0.6588010787963867, 11776.046875, 10001.63671875, 5733.0908203125, 0.9619462490081787, 0.7530151009559631, 9213.0263671875, 0.6684473752975464, 0.740140438079834, 8913.5859375, 12088.466796875, 0.824391782283783, 9872.5205078125, 12423.42578125, 0.7899684906005859, 1.1835051774978638, 11693.541015625, 8745.25, 6629.22314453125, 10574.3173828125, 0.8514594435691833, 9565.177734375, 8134.67529296875, 7476.15234375, 8385.0810546875, 0.7146573662757874, 0.8052490949630737, 10676.87890625, 0.9514813423156738, 10199.7958984375, 8684.7177734375, 1.0016673803329468, 10044.91796875, 12399.326171875, 8931.1875, 11718.6689453125, 1.2357696294784546, 7385.93896484375, 11495.791015625, 7572.11474609375, 9574.375, 0.9633510112762451, 10150.2080078125, 12386.025390625, 1.1514040231704712, 11761.427734375, 7752.2734375, 0.7121661901473999, 13046.4501953125, 16010.6064453125, 11881.734375, 10738.22265625, 8309.716796875, 0.6758307814598083, 10484.62890625, 9065.8857421875, 8570.916015625, 0.8236837387084961, 9799.626953125, 6182.3017578125, 10177.8623046875, 7345.73779296875, 8156.0205078125, 10922.9111328125, 10491.8828125, 0.9915241003036499, 0.7251595258712769, 9914.74609375, 9739.8916015625, 0.5690712332725525, 7888.2275390625, 13603.1015625, 8296.53515625, 0.7528829574584961, 0.6219741106033325, 11332.978515625, 9886.2001953125, 10979.6142578125, 13207.59765625, 12242.666015625, 1.0821462869644165, 9769.2451171875, 8580.669921875, 0.8193494081497192, 0.7656194567680359, 0.8915969729423523, 12941.1357421875, 7956.0830078125, 11690.701171875, 14213.580078125], "val_loss": 3.521101474761963, "test_loss": 3.380589008331299, "_timestamp": 1751362912.4875662, "_runtime": 335.0436952114105, "_step": 39, "_wandb": {"runtime": 335}}