{"epoch": 27, "train_loss": [7491.98876953125, 0.9953752756118774, 7474.2177734375, 7521.68408203125, 1.0110588073730469, 7473.2236328125, 6846.986328125, 7697.1015625, 6876.765625, 7461.509765625, 0.9605705142021179, 7252.21875, 7145.955078125, 7606.16357421875, 7444.07080078125, 7034.99365234375, 7421.83984375, 0.8880770802497864, 7427.12353515625, 0.9819672703742981, 7336.0205078125, 0.9906041622161865, 0.9958258271217346, 7493.1806640625, 7161.23046875, 7514.626953125, 7446.38623046875, 7350.76416015625, 7578.72900390625, 0.9857801795005798, 7212.67138671875, 7477.025390625, 7496.732421875, 7546.68896484375, 7727.0634765625, 6953.88916015625], "val_loss": 0.7391534447669983, "test_loss": 0.6742846369743347, "_timestamp": 1751407577.3170338, "_runtime": 212.98900771141052, "_step": 57, "_wandb": {"runtime": 213}}