{"epoch": 21, "train_loss": [7075.7060546875, 0.9793887138366699, 0.9022655487060547, 0.978491485118866, 7170.845703125, 0.9685732126235962, 0.9667178392410278, 7451.6533203125, 7577.17529296875, 7723.8056640625, 1.0113106966018677, 7620.416015625, 7512.0986328125, 7505.35546875, 7595.26318359375, 0.9494645595550537, 6921.8779296875, 0.9768384099006653, 7711.021484375, 7504.2529296875, 0.979491651058197, 7612.43310546875, 0.9822478890419006, 0.9772327542304993, 0.9590395092964172, 7544.447265625, 7459.4091796875, 7389.22216796875, 7558.20947265625, 7744.34375, 7584.55712890625, 6991.533203125, 0.977856457233429, 6864.9228515625, 7386.49658203125, 0.9301341772079468], "val_loss": 0.7460252046585083, "test_loss": 0.6825548410415649, "_timestamp": 1751367750.398652, "_runtime": 185.8984091281891, "_step": 58, "_wandb": {"runtime": 185}}