{"epoch": 41, "train_loss": [0.9597579836845398, 6876.27685546875, 7490.708984375, 7450.2412109375, 6907.6396484375, 7630.13232421875, 7615.47802734375, 0.9813737273216248, 1.0012356042861938, 0.962104082107544, 0.9678945541381836, 0.979042649269104, 7679.9970703125, 7746.52734375, 7540.71875, 0.9762015342712402, 6851.931640625, 0.9333267211914062, 7579.9677734375, 0.9829648733139038, 7344.1884765625, 7509.7802734375, 0.9565266370773315, 7592.21728515625, 7586.36669921875, 0.9366088509559631, 0.9216026067733765, 7581.95556640625, 7444.94091796875, 7596.1201171875, 7061.50390625, 7661.73486328125, 7548.6494140625, 0.9738895893096924, 7560.63720703125, 0.9860424399375916], "val_loss": 0.7400063276290894, "test_loss": 0.6762391924858093, "_timestamp": 1751388740.035275, "_runtime": 242.90150594711304, "_step": 83, "_wandb": {"runtime": 243}}