{"epoch": 38, "train_loss": [7448.22998046875, 7530.1884765625, 7447.53173828125, 7173.3115234375, 7277.88818359375, 7492.6845703125, 7551.06689453125, 7792.6484375, 6870.8193359375, 7635.70556640625, 7450.84423828125, 7542.06494140625, 7582.939453125, 7137.97314453125, 7243.98486328125, 0.9133912324905396, 7594.62451171875, 7459.9814453125, 7319.2734375, 0.9512321352958679, 7526.3955078125, 0.8861448168754578, 0.9784640073776245, 7537.458984375, 6962.5458984375, 1.0107206106185913, 7506.42822265625, 7490.740234375, 7669.64453125, 7078.7724609375, 7585.67236328125, 7473.03564453125, 7471.787109375, 7608.37060546875, 0.9782148599624634, 7660.9228515625], "val_loss": 0.7484541535377502, "test_loss": 0.6823245286941528, "_timestamp": 1751365400.8402252, "_runtime": 256.8100492954254, "_step": 85, "_wandb": {"runtime": 256}}