{"epoch": 5, "train_loss": [1.000864863395691, 0.9821738004684448, 29771.20703125, 31543.666015625, 30893.541015625, 30478.89453125, 0.998612642288208, 0.9796637296676636, 30493.6015625], "val_loss": 0.7577736377716064, "test_loss": 0.7042224407196045, "_timestamp": 1751365616.3741887, "_runtime": 53.45201659202576, "_step": 29, "_wandb": {"runtime": 53}}