{"epoch": 9, "train_loss": [8039.63525390625, 7673.734375, 7560.3330078125, 7751.1865234375, 0.9934374690055847, 7538.46435546875, 1.0383301973342896, 7286.48046875, 1.0020146369934082, 7120.93798828125, 0.9282113313674927, 7286.94091796875, 7776.43017578125, 1.0156000852584839, 7561.26318359375, 0.9605446457862854, 7685.30810546875, 1.007056713104248, 1.003164291381836, 7716.5302734375, 7557.21240234375, 0.9538224339485168, 7788.26611328125, 7731.57958984375, 7602.76611328125, 0.9786098599433899, 6958.80419921875, 7859.15576171875, 7726.8740234375, 7652.9912109375, 8007.22607421875, 1.0453314781188965, 7846.52587890625, 1.0075355768203735, 0.9929674863815308, 7700.41650390625], "val_loss": 0.7545948624610901, "test_loss": 0.6895484328269958, "_timestamp": 1751396231.104293, "_runtime": 182.33145308494568, "_step": 48, "_wandb": {"runtime": 183}}