{"epoch": 39, "train_loss": [7427.09716796875, 0.9793344736099243, 7380.7685546875, 7339.46923828125, 0.9566161632537842, 7003.9384765625, 0.9768487811088562, 0.9080569744110107, 7446.91259765625, 0.9855237007141113, 6853.06103515625, 1.0060081481933594, 7536.818359375, 7390.4541015625, 7052.2177734375, 7406.7255859375, 7489.501953125, 6823.1142578125, 7596.94580078125, 7256.3740234375, 7479.4267578125, 0.9652237296104431, 7326.21533203125, 7201.69775390625, 7488.404296875, 7325.51171875, 6882.0380859375, 7687.1826171875, 7415.9248046875, 0.9889600276947021, 7615.10302734375, 7231.9248046875, 0.9738890528678894, 7209.33251953125, 7544.35595703125, 7641.1337890625], "val_loss": 0.7418824434280396, "test_loss": 0.6768909096717834, "_timestamp": 1751386925.4847538, "_runtime": 254.59514093399048, "_step": 89, "_wandb": {"runtime": 254}}