{"epoch": 49, "train_loss": [8129.29248046875, 7787.36865234375, 7889.6904296875, 7573.6787109375, 7983.00390625, 8230.3486328125, 7445.8740234375, 7817.8876953125, 7851.08203125, 1.050573468208313, 7899.65283203125, 7877.31689453125, 7899.28466796875, 7978.7822265625, 7919.322265625, 1.0322487354278564, 1.0446093082427979, 7902.025390625, 1.0436205863952637, 7355.876953125, 1.0760153532028198, 7712.8271484375, 7422.212890625, 7887.49951171875, 7806.48681640625, 8107.9306640625, 1.0546538829803467, 7212.748046875, 1.032386302947998, 7656.349609375, 8067.1396484375, 7884.1787109375, 7974.5556640625, 0.9915753602981567, 7292.6103515625, 7724.72998046875], "val_loss": 0.7561764121055603, "test_loss": 0.6948382258415222, "_timestamp": 1751408967.0182784, "_runtime": 349.85113644599915, "_step": 99, "_wandb": {"runtime": 350}}