{"epoch": 10, "train_loss": [0.8710178136825562, 6819.04150390625, 7441.9482421875, 6580.7783203125, 0.950965404510498, 7139.4267578125, 6971.87548828125, 7191.916015625, 7162.1611328125, 0.9190248250961304, 0.9471429586410522, 0.9339040517807007, 7393.0673828125, 0.9691913723945618, 0.9663976430892944, 0.9501797556877136, 7251.31005859375, 7302.51806640625, 7286.66357421875, 7220.03564453125, 7224.19921875, 7175.9267578125, 7194.548828125, 0.9171308875083923, 0.9665760397911072, 7626.66552734375, 0.9477521777153015, 7101.1982421875, 0.9529642462730408, 0.8921273350715637, 7399.4521484375, 0.9168412089347839, 6634.5576171875, 0.9341861605644226, 6743.51708984375, 7274.61083984375], "val_loss": 0.7428072690963745, "test_loss": 0.6767447590827942, "_timestamp": 1751374053.6929872, "_runtime": 107.39775109291077, "_step": 30, "_wandb": {"runtime": 107}}