{"epoch": 37, "train_loss": [14720.630859375, 1.0341057777404785, 0.9908398985862732, 15533.6220703125, 15389.5703125, 14676.080078125, 15332.1552734375, 15324.4482421875, 15172.7919921875, 0.9872098565101624, 14620.421875, 0.9771263003349304, 15324.013671875, 15674.06640625, 15629.7080078125, 14999.4775390625, 0.9957233667373657, 14832.0751953125], "val_loss": 0.7488026022911072, "test_loss": 0.6839938759803772, "_timestamp": 1751403541.046872, "_runtime": 104.18160200119019, "_step": 48, "_wandb": {"runtime": 104}}