{"epoch": 47, "train_loss": [7682.65185546875, 1.0069307088851929, 7347.32763671875, 7446.24560546875, 6838.62744140625, 7105.99169921875, 0.98922199010849, 7682.6640625, 7105.48486328125, 0.9883671998977661, 0.9859074354171753, 7421.07470703125, 7369.302734375, 0.9444605112075806, 7505.111328125, 0.993071973323822, 0.9974952340126038, 0.9954569339752197, 7598.17626953125, 7274.75634765625, 7609.47021484375, 1.0085862874984741, 0.97008216381073, 0.9775606393814087, 7338.560546875, 7513.54931640625, 7412.4638671875, 0.9752452373504639, 6837.44384765625, 0.9655286073684692, 7498.37158203125, 7477.93994140625, 7581.9609375, 6779.87841796875, 7034.36181640625, 0.9718133211135864], "val_loss": 0.7410956621170044, "test_loss": 0.6763294339179993, "_timestamp": 1751398083.3257785, "_runtime": 334.7489504814148, "_step": 97, "_wandb": {"runtime": 334}}