{"epoch": 49, "train_loss": [0.9473748803138733, 0.948151171207428, 15041.8837890625, 14562.5732421875, 14675.181640625, 14859.45703125, 14900.396484375, 0.9759067893028259, 14870.728515625, 14730.9462890625, 0.9511232376098633, 14423.203125, 14812.4130859375, 14905.8173828125, 14259.537109375, 15047.056640625, 0.9788557291030884, 14298.962890625], "val_loss": 0.742098331451416, "test_loss": 0.6768781542778015, "_timestamp": 1751413452.04475, "_runtime": 134.0103669166565, "_step": 67, "_wandb": {"runtime": 133}}