{"epoch": 10, "train_loss": [7400.048828125, 7786.52001953125, 7666.70068359375, 7566.158203125, 6965.7529296875, 7682.798828125, 0.9116021394729614, 7569.1875, 7400.60546875, 7444.83203125, 1.0014344453811646, 7000.8974609375, 7723.7275390625, 7526.87109375, 7539.90771484375, 0.9681016206741333, 7107.85498046875, 6845.5634765625, 0.9848672747612, 1.0019699335098267, 7343.6826171875, 0.9993184208869934, 7528.73046875, 7507.55810546875, 7746.66845703125, 0.9823658466339111, 7102.9814453125, 7506.748046875, 7533.80712890625, 0.9969117641448975, 0.9652072191238403, 7260.3125, 7465.63623046875, 0.9887800812721252, 7037.59423828125, 7393.38623046875], "val_loss": 0.750732958316803, "test_loss": 0.6836996078491211, "_timestamp": 1751383049.1480029, "_runtime": 128.60291385650635, "_step": 37, "_wandb": {"runtime": 129}}