{"epoch": 24, "train_loss": [28826.2421875, 29735.658203125, 29478.544921875, 29267.880859375, 0.9425309896469116, 0.9622504115104675, 0.9741719365119934, 30254.3125, 0.9820550084114075], "val_loss": 0.7474672794342041, "test_loss": 0.6886968612670898, "_timestamp": 1751403055.6845965, "_runtime": 70.64974451065063, "_step": 74, "_wandb": {"runtime": 70}}