{"epoch": 39, "train_loss": [0.9388381838798523, 29063.291015625, 27340.58984375, 0.9357068538665771, 0.9590334892272949, 0.9641858339309692, 28567.05078125, 29437.123046875, 0.9272633790969849], "val_loss": 0.7355765104293823, "test_loss": 0.6753907203674316, "_timestamp": 1751400396.9279017, "_runtime": 120.87771773338318, "_step": 89, "_wandb": {"runtime": 120}}