{"epoch": 5, "train_loss": [14758.146484375, 15368.337890625, 14436.7939453125, 15314.5888671875, 0.982026219367981, 14672.65234375, 15266.5791015625, 15597.46875, 14940.392578125, 15020.494140625, 15191.859375, 14143.671875, 0.9653744697570801, 15368.58984375, 15065.994140625, 15036.0654296875, 14706.7607421875, 15148.8369140625], "val_loss": 0.7514247894287109, "test_loss": 0.6863554120063782, "_timestamp": 1751399886.645428, "_runtime": 95.25344204902649, "_step": 42, "_wandb": {"runtime": 95}}