{"epoch": 28, "train_loss": [0.9045540690422058, 7507.5576171875, 7576.8466796875, 0.9888926148414612, 7353.3017578125, 0.908987283706665, 7189.228515625, 0.9320421814918518, 7357.36474609375, 1.003738522529602, 7015.330078125, 7478.0615234375, 7683.03271484375, 7499.900390625, 0.9802771806716919, 7662.85693359375, 7443.259765625, 6893.78759765625, 7608.88818359375, 7565.9453125, 0.9915662407875061, 7375.76513671875, 7582.9462890625, 7481.458984375, 0.9389340281486511, 7387.275390625, 7506.09619140625, 0.9778034090995789, 7683.05712890625, 0.9671260714530945, 7849.017578125, 0.9910497069358826, 7625.3525390625, 7447.06396484375, 7769.6015625, 7811.2578125], "val_loss": 0.7514477372169495, "test_loss": 0.6869322061538696, "_timestamp": 1751366017.7044027, "_runtime": 227.23302459716797, "_step": 78, "_wandb": {"runtime": 227}}