{"epoch": 42, "train_loss": [7246.09765625, 7025.9482421875, 0.9347227215766907, 6835.8447265625, 6565.357421875, 7294.3447265625, 7138.5498046875, 0.949370801448822, 7166.7548828125, 0.9346442818641663, 7173.62890625, 0.9477962255477905, 7384.7548828125, 0.9283952713012695, 7129.751953125, 0.898045539855957, 7291.951171875, 0.9428442120552063, 6860.88671875, 7165.34521484375, 7170.77294921875, 7457.77392578125, 6604.1220703125, 7286.0673828125, 7059.40478515625, 0.9705035090446472, 0.9443485736846924, 6589.583984375, 7164.1259765625, 0.9558766484260559, 7275.478515625, 7060.50244140625, 6691.544921875, 7343.19775390625, 7192.5263671875, 7057.2626953125], "val_loss": 0.7307512164115906, "test_loss": 0.6670457720756531, "_timestamp": 1751387842.2024858, "_runtime": 197.5829439163208, "_step": 70, "_wandb": {"runtime": 197}}