{"epoch": 43, "train_loss": [15119.75, 0.979691207408905, 0.9721652865409851, 0.9923437237739563, 0.9839797019958496, 14829.08984375, 14348.783203125, 14783.2001953125, 15374.8203125, 14725.4296875, 15111.3828125, 0.9347561597824097, 14804.04296875, 14905.4873046875, 0.9323802590370178, 15049.8203125, 15506.0, 0.9664183855056763], "val_loss": 0.7416463494300842, "test_loss": 0.6777593493461609, "_timestamp": 1751385902.5049815, "_runtime": 156.94285249710083, "_step": 93, "_wandb": {"runtime": 157}}