{"epoch": 28, "train_loss": [14610.634765625, 14410.48828125, 14758.3798828125, 14617.865234375, 13941.3427734375, 14505.3095703125, 13753.13671875, 14448.9140625, 13087.9296875, 13984.412109375, 14424.5830078125, 13759.21875, 14436.8623046875, 0.9577175974845886, 14426.9462890625, 14498.5791015625, 13970.0546875, 14262.130859375], "val_loss": 0.7369661927223206, "test_loss": 0.6703044772148132, "_timestamp": 1751420879.4094205, "_runtime": 157.6460084915161, "_step": 78, "_wandb": {"runtime": 157}}