{"epoch": 25, "train_loss": [1.0119781494140625, 30644.888671875, 31095.1796875, 0.9908947348594666, 29794.287109375, 29926.826171875, 0.9882888793945312, 1.0138981342315674, 31265.783203125], "val_loss": 0.753004789352417, "test_loss": 0.6949665546417236, "_timestamp": 1751363909.56184, "_runtime": 47.554293155670166, "_step": 75, "_wandb": {"runtime": 43}}