{"epoch": 19, "train_loss": [0.9734766483306885, 0.9886186718940735, 1.0067939758300781, 0.9555693864822388, 15322.7900390625, 15071.890625, 15254.625, 15222.3388671875, 15072.3544921875, 15046.7177734375, 0.9631630182266235, 14790.18359375, 14789.8818359375, 15029.0830078125, 0.9457852840423584, 0.9885390996932983, 0.961075484752655, 15283.3583984375], "val_loss": 0.7521263360977173, "test_loss": 0.6887129545211792, "_timestamp": 1751372104.693297, "_runtime": 122.01529598236084, "_step": 69, "_wandb": {"runtime": 122}}