{"epoch": 39, "train_loss": [13694.7109375, 0.9555286765098572, 14018.431640625, 14617.7001953125, 14679.0126953125, 0.9120380282402039, 14303.2685546875, 14808.2158203125, 0.9093578457832336, 14465.0283203125, 14633.447265625, 14500.2158203125, 14214.1875, 14263.6064453125, 14724.0458984375, 14457.431640625, 0.9600208401679993, 0.9266683459281921], "val_loss": 0.7381594181060791, "test_loss": 0.672663152217865, "_timestamp": 1751410217.6510148, "_runtime": 134.54667592048645, "_step": 71, "_wandb": {"runtime": 135}}