{"epoch": 36, "train_loss": [7268.17822265625, 7010.60595703125, 0.9440673589706421, 6656.18408203125, 7136.30322265625, 7091.17333984375, 0.8748572468757629, 7140.02392578125, 6473.67431640625, 0.9090691208839417, 6468.04345703125, 0.9538291096687317, 7248.447265625, 6991.30908203125, 7098.4033203125, 6917.05419921875, 0.8390278220176697, 7094.34814453125, 0.9480946063995361, 0.9166324734687805, 7273.25830078125, 0.9560933709144592, 0.9381970167160034, 7120.14599609375, 7151.80029296875, 7129.42431640625, 7088.64404296875, 7164.97802734375, 0.8622621893882751, 7169.06005859375, 0.9228305220603943, 0.917349636554718, 7202.36279296875, 6861.67626953125, 7329.162109375, 7103.26416015625], "val_loss": 0.7344294190406799, "test_loss": 0.6685773134231567, "_timestamp": 1751411340.8046176, "_runtime": 160.6997776031494, "_step": 47, "_wandb": {"runtime": 161}}