{"epoch": 16, "train_loss": [22452.2109375, 23010.0546875, 19008.03515625, 22359.021484375, 1.1015998125076294, 18966.19140625, 20478.810546875, 22832.458984375, 17505.208984375, 19983.376953125, 19790.58984375, 16341.8828125, 1.1779379844665527, 23462.109375, 17973.689453125, 0.9657163023948669, 18233.01953125, 17294.365234375, 18759.830078125, 25140.599609375, 15028.322265625, 16015.814453125, 22243.994140625, 20836.955078125, 16369.76953125, 1.0686827898025513, 22758.583984375, 0.7357301115989685, 20490.90234375, 17868.001953125, 18283.40234375, 13773.8544921875, 18187.302734375, 17127.8984375, 0.8043086528778076, 0.9353615641593933, 28610.03125, 0.907414972782135, 19791.09765625, 24389.90234375, 19297.078125, 15344.8271484375, 19974.17578125, 19582.978515625, 19706.728515625, 0.7483425140380859, 0.682487428188324, 16914.052734375, 14837.0546875, 15112.4326171875, 0.8550063371658325, 14923.1220703125, 0.8018158078193665, 0.7671980857849121, 18272.228515625, 19722.61328125, 20799.306640625, 18643.822265625, 17874.376953125], "val_loss": 3.5238471031188965, "test_loss": 3.30509090423584, "_timestamp": 1751361513.6311874, "_runtime": 47.23720335960388, "_step": 32, "_wandb": {"runtime": 46}}