{"epoch": 5, "train_loss": [15402.6025390625, 15291.0693359375, 15585.732421875, 15854.8291015625, 15294.6015625, 14256.451171875, 15054.359375, 15375.9248046875, 15122.158203125, 0.9493806958198547, 0.9876759648323059, 15348.0791015625, 0.9826886057853699, 0.9963645339012146, 15483.810546875, 14738.455078125, 14745.2470703125, 0.9896824359893799], "val_loss": 0.7505984902381897, "test_loss": 0.6852000951766968, "_timestamp": 1751370063.313798, "_runtime": 85.66558384895325, "_step": 40, "_wandb": {"runtime": 85}}