{"epoch": 31, "train_loss": [14346.18359375, 0.9112361669540405, 14733.8974609375, 14259.119140625, 14640.7353515625, 0.9117997884750366, 14137.01953125, 0.9612019658088684, 14665.447265625, 14742.6103515625, 14578.78515625, 14203.634765625, 14711.2421875, 14806.9775390625, 14267.8564453125, 0.9561371803283691, 14141.4345703125, 0.9629408717155457], "val_loss": 0.7412405014038086, "test_loss": 0.6765490770339966, "_timestamp": 1751421487.9713306, "_runtime": 156.01035475730896, "_step": 81, "_wandb": {"runtime": 156}}