{"epoch": 36, "train_loss": [7326.01904296875, 0.9278908371925354, 6845.51513671875, 7528.65380859375, 7393.08447265625, 7611.70751953125, 0.9169994592666626, 7643.96484375, 7559.40234375, 0.8900477290153503, 7388.421875, 7281.2021484375, 0.9727600812911987, 7402.9931640625, 7544.0986328125, 0.9663050770759583, 7302.5966796875, 7064.6953125, 7405.07421875, 7685.5703125, 7341.7568359375, 7573.251953125, 7574.375, 7479.080078125, 7546.77783203125, 7329.18017578125, 7279.5703125, 7604.4033203125, 0.9756503105163574, 7456.07373046875, 7468.19873046875, 7362.16455078125, 0.9686580896377563, 6942.0703125, 7386.60400390625, 6788.44921875], "val_loss": 0.7385023236274719, "test_loss": 0.6743894219398499, "_timestamp": 1751391511.9350924, "_runtime": 213.56310653686523, "_step": 74, "_wandb": {"runtime": 213}}