{"epoch": 31, "train_loss": [1.0039479732513428, 30587.87109375, 0.9877563714981079, 29631.728515625, 30676.263671875, 0.9721324443817139, 0.9931331276893616, 0.9916868209838867, 29593.44140625], "val_loss": 0.7518312931060791, "test_loss": 0.6930679082870483, "_timestamp": 1751415702.0825682, "_runtime": 89.40934324264526, "_step": 81, "_wandb": {"runtime": 90}}