{"epoch": 41, "train_loss": [29024.1875, 0.9763643741607666, 29087.97265625, 28876.640625, 28918.4375, 29668.3984375, 29031.970703125, 0.9362977147102356, 29409.376953125], "val_loss": 0.7382027506828308, "test_loss": 0.6787176728248596, "_timestamp": 1751391268.4214902, "_runtime": 91.5653440952301, "_step": 91, "_wandb": {"runtime": 91}}