{"epoch": 5, "train_loss": [15645.5390625, 14975.09375, 1.0084424018859863, 0.9963982701301575, 0.9997358918190002, 15461.931640625, 15451.908203125, 14532.759765625, 15643.912109375, 15338.787109375, 15059.7919921875, 14816.1728515625, 0.9957236051559448, 15340.62109375, 15266.712890625, 15816.712890625, 15537.4111328125, 0.9873360991477966], "val_loss": 0.7551254034042358, "test_loss": 0.6912209987640381, "_timestamp": 1751380894.3609087, "_runtime": 78.09490466117859, "_step": 38, "_wandb": {"runtime": 77}}