{"epoch": 23, "train_loss": [15235.1494140625, 15009.23828125, 0.9600425958633423, 14721.0390625, 15068.0751953125, 0.9659208655357361, 15008.787109375, 15070.50390625, 0.9611992835998535, 15231.7255859375, 0.9470013976097107, 14409.0625, 14540.763671875, 15019.203125, 15059.333984375, 15128.8466796875, 0.9885127544403076, 0.9769797325134277], "val_loss": 0.7548167705535889, "test_loss": 0.6871557831764221, "_timestamp": 1751372557.7797523, "_runtime": 116.8967912197113, "_step": 73, "_wandb": {"runtime": 116}}