{"epoch": 10, "train_loss": [0.969831109046936, 34406.9921875, 0.9011399745941162, 0.8452629446983337, 41291.01171875, 0.8343929648399353, 0.9168965816497803, 39199.58203125, 50960.1015625, 42273.69921875, 46499.1640625, 37496.0, 0.9888314008712769, 37725.2421875, 1.0755088329315186, 37912.57421875, 37558.15234375, 41797.76171875, 30099.19921875, 40480.44921875, 41080.9921875, 37438.85546875, 36539.26953125, 36940.81640625, 42429.75390625, 44348.64453125, 40964.68359375, 0.6966864466667175, 39020.03125], "val_loss": 3.5646867752075195, "test_loss": 3.2590057849884033, "_timestamp": 1751362550.6386087, "_runtime": 212.56653380393982, "_step": 23, "_wandb": {"runtime": 212}}