{"epoch": 21, "train_loss": [89736.6796875, 108215.671875, 94218.4375, 1.2984896898269653, 1.0172501802444458, 1.0028772354125977, 89025.34375, 1.0169707536697388, 104389.5703125, 93471.359375, 0.9731430411338806, 0.9930638670921326, 98819.53125, 84398.53125], "val_loss": 3.6832661628723145, "test_loss": 3.3691370487213135, "_timestamp": 1751361076.438839, "_runtime": 101.7977180480957, "_step": 39, "_wandb": {"runtime": 101}}