{"epoch": 39, "train_loss": [0.9982091188430786, 15085.4384765625, 14875.4111328125, 15415.5205078125, 14902.7490234375, 0.9998759031295776, 0.9645840525627136, 15107.0185546875, 15284.427734375, 15672.2998046875, 15491.830078125, 14764.7412109375, 15514.3359375, 15218.8681640625, 14729.658203125, 15021.5380859375, 15238.96875, 15481.794921875], "val_loss": 0.7480428814888, "test_loss": 0.6845447421073914, "_timestamp": 1751417782.2632477, "_runtime": 169.55856776237488, "_step": 89, "_wandb": {"runtime": 169}}