{"epoch": 49, "train_loss": [15088.4248046875, 1.0008399486541748, 15267.4765625, 14674.30078125, 14500.9775390625, 15386.0009765625, 14075.4765625, 14964.150390625, 0.9688143730163574, 0.9956023097038269, 14587.03515625, 15536.193359375, 15312.3681640625, 15541.908203125, 15120.30859375, 14527.7880859375, 15189.986328125, 1.0142382383346558], "val_loss": 0.7481054663658142, "test_loss": 0.6827338933944702, "_timestamp": 1751409308.1896634, "_runtime": 191.9288363456726, "_step": 99, "_wandb": {"runtime": 191}}