{"epoch": 14, "train_loss": [0.9578551650047302, 6724.1875, 0.9899913668632507, 7502.5244140625, 7031.384765625, 7286.35693359375, 7342.48046875, 7384.9853515625, 7593.26708984375, 0.9186152815818787, 7311.6181640625, 7574.0380859375, 6819.0556640625, 7507.7216796875, 7422.46240234375, 7335.7724609375, 0.9607839584350586, 7754.9150390625, 7562.9482421875, 0.9843091368675232, 7496.75537109375, 7517.890625, 7527.16162109375, 7511.1357421875, 7166.5576171875, 7113.95166015625, 0.9979686141014099, 6884.0322265625, 0.9353575706481934, 0.9820184111595154, 0.9981284141540527, 7609.7265625, 0.9749957323074341, 7466.81787109375, 7427.18359375, 7554.3720703125], "val_loss": 0.7476157546043396, "test_loss": 0.6799137592315674, "_timestamp": 1751367537.5927627, "_runtime": 142.1185896396637, "_step": 43, "_wandb": {"runtime": 141}}