{"epoch": 43, "train_loss": [0.9879655838012695, 15441.6630859375, 15986.85546875, 0.9334861636161804, 1.000482439994812, 15475.025390625, 15330.6787109375, 0.988179087638855, 15326.8701171875, 14898.8095703125, 15616.75, 15319.4111328125, 1.0107762813568115, 16134.5419921875, 1.0121574401855469, 15118.3935546875, 1.0303128957748413, 15324.9912109375], "val_loss": 0.7531755566596985, "test_loss": 0.6916615962982178, "_timestamp": 1751388894.1184888, "_runtime": 129.2862467765808, "_step": 93, "_wandb": {"runtime": 129}}