{"epoch": 37, "train_loss": [0.9428890943527222, 0.9411027431488037, 15052.5419921875, 14459.0556640625, 14632.09765625, 14816.0576171875, 14687.8330078125, 0.972442626953125, 14895.3388671875, 14688.255859375, 0.9473169445991516, 14320.9208984375, 14660.4140625, 14712.4833984375, 14129.9228515625, 14952.56640625, 0.9658553600311279, 14226.4619140625], "val_loss": 0.734896719455719, "test_loss": 0.6700456738471985, "_timestamp": 1751395631.909842, "_runtime": 171.9082911014557, "_step": 87, "_wandb": {"runtime": 172}}