{"epoch": 40, "train_loss": [7680.71484375, 7792.60546875, 7608.0791015625, 7753.2109375, 7744.84912109375, 0.9819229245185852, 7700.333984375, 7771.84423828125, 1.01100754737854, 0.9371272921562195, 7620.51171875, 1.0055289268493652, 7086.1171875, 7329.14404296875, 7659.09375, 7700.3857421875, 7654.6611328125, 7076.326171875, 7561.2080078125, 7004.685546875, 7358.8271484375, 0.9941102266311646, 7861.966796875, 7549.4267578125, 7235.173828125, 7740.392578125, 1.0016502141952515, 0.9962272644042969, 7640.544921875, 7659.9853515625, 7876.51171875, 1.033971905708313, 1.0213159322738647, 1.0103272199630737, 1.041436791419983, 7468.15234375], "val_loss": 0.7476339936256409, "test_loss": 0.6834725141525269, "_timestamp": 1751419568.92544, "_runtime": 236.16159915924072, "_step": 66, "_wandb": {"runtime": 236}}