{"epoch": 13, "train_loss": [0.8199414610862732, 44660.7109375, 0.8435434103012085, 40334.0234375, 0.9375312924385071, 40072.046875, 0.8398203253746033, 38592.88671875, 0.8630651235580444, 42902.6640625, 35131.3203125, 0.8895776867866516, 0.8438570499420166, 36298.96484375, 42678.5078125, 0.7310490608215332, 0.7919113636016846, 45232.0390625, 34054.04296875, 36501.04296875, 39744.8828125, 40989.5078125, 32770.75390625, 0.809002697467804, 46670.40234375, 0.8142396807670593, 36067.15625, 1.0837010145187378, 0.6999318599700928], "val_loss": 3.5148346424102783, "test_loss": 3.2528738975524902, "_timestamp": 1751362069.178051, "_runtime": 217.89071106910706, "_step": 34, "_wandb": {"runtime": 216}}