{"epoch": 21, "train_loss": [0.9214755892753601, 7639.390625, 7505.541015625, 6881.94140625, 0.956218421459198, 7373.6318359375, 0.9499546885490417, 6683.083984375, 0.9638586044311523, 7232.6220703125, 1.0054877996444702, 7257.8955078125, 7389.3544921875, 7157.2744140625, 0.9554141163825989, 6838.015625, 7303.57568359375, 7562.8427734375, 0.9755180478096008, 0.9731377959251404, 7352.1396484375, 6906.76220703125, 0.9672189950942993, 0.9667488932609558, 6944.12939453125, 7229.236328125, 7582.6875, 7474.2001953125, 7520.88818359375, 0.9879021644592285, 7421.720703125, 7422.9052734375, 7359.595703125, 7492.82861328125, 7325.4677734375, 0.9681348204612732], "val_loss": 0.749142587184906, "test_loss": 0.6808673143386841, "_timestamp": 1751371212.7625513, "_runtime": 185.3674192428589, "_step": 60, "_wandb": {"runtime": 184}}