{"epoch": 37, "train_loss": [7330.76708984375, 0.9638603329658508, 7392.740234375, 0.9689856171607971, 7529.63671875, 7408.6494140625, 7551.3525390625, 7343.0478515625, 7229.69873046875, 7365.27734375, 6708.91796875, 0.9557884931564331, 0.9697575569152832, 6968.20849609375, 7305.369140625, 7506.1962890625, 7400.095703125, 7214.55029296875, 0.9526776075363159, 7216.7685546875, 0.977523148059845, 6878.5205078125, 6760.72021484375, 7237.71044921875, 7206.8076171875, 7190.3818359375, 6682.4677734375, 7511.20263671875, 0.9570408463478088, 7055.11767578125, 7471.576171875, 0.938966691493988, 0.9661299586296082, 6735.89990234375, 7389.71337890625, 7224.80810546875], "val_loss": 0.73566073179245, "test_loss": 0.6709385514259338, "_timestamp": 1751411939.0597746, "_runtime": 176.3980906009674, "_step": 47, "_wandb": {"runtime": 175}}