{"epoch": 11, "train_loss": [13438.7568359375, 0.9274493455886841, 14421.892578125, 14372.724609375, 14235.919921875, 14558.58984375, 0.9016497731208801, 14116.00390625, 14182.822265625, 13705.470703125, 14431.177734375, 14062.20703125, 0.9419416785240173, 0.9543531537055969, 14773.9775390625, 14150.611328125, 14352.6669921875, 14366.5283203125], "val_loss": 0.7447130680084229, "test_loss": 0.6775593161582947, "_timestamp": 1751387021.33817, "_runtime": 65.62991714477539, "_step": 33, "_wandb": {"runtime": 65}}