{"epoch": 21, "train_loss": [14630.0517578125, 14324.509765625, 14561.9140625, 13986.6279296875, 14351.98828125, 13087.9267578125, 14307.3330078125, 14299.2216796875, 13903.0537109375, 14376.640625, 14037.6884765625, 14258.8076171875, 14503.869140625, 13793.8505859375, 13719.1845703125, 14397.3779296875, 14297.3095703125, 14806.974609375], "val_loss": 0.7416343092918396, "test_loss": 0.672282338142395, "_timestamp": 1751375650.3122826, "_runtime": 120.26284766197205, "_step": 71, "_wandb": {"runtime": 120}}