{"epoch": 45, "train_loss": [15028.9619140625, 15344.2265625, 0.986330509185791, 0.966570258140564, 15676.4599609375, 15415.6552734375, 15272.8916015625, 15298.751953125, 14736.9306640625, 0.9879017472267151, 14980.4833984375, 0.9979225397109985, 15399.8994140625, 15712.6279296875, 14775.1474609375, 0.9927887916564941, 15550.90625, 15672.7724609375], "val_loss": 0.7539794445037842, "test_loss": 0.690950870513916, "_timestamp": 1751383385.3380427, "_runtime": 160.00315070152283, "_step": 95, "_wandb": {"runtime": 160}}