{"epoch": 12, "train_loss": [14135.68359375, 0.9372994303703308, 14645.7080078125, 14497.7509765625, 0.9437447190284729, 0.9605430960655212, 0.9784384965896606, 14750.22265625, 0.9348944425582886, 0.9203749895095825, 14888.5126953125, 0.9861185550689697, 0.9224363565444946, 14416.205078125, 0.9889565706253052, 0.9516075253486633, 14525.7451171875, 0.9606862664222717], "val_loss": 0.7489174008369446, "test_loss": 0.6832035183906555, "_timestamp": 1751376410.1939008, "_runtime": 64.45090079307556, "_step": 30, "_wandb": {"runtime": 64}}