{"epoch": 7, "train_loss": [7579.43701171875, 1.013607382774353, 1.0216848850250244, 7213.6875, 7756.2412109375, 7456.4736328125, 7232.2724609375, 7595.80712890625, 7689.9091796875, 7554.83203125, 7714.6728515625, 7892.998046875, 7809.12451171875, 0.9861378073692322, 7645.783203125, 1.0253899097442627, 7831.99560546875, 7941.56494140625, 7375.49365234375, 0.9157396554946899, 7652.70068359375, 7897.80224609375, 7303.87939453125, 7601.54248046875, 7715.1171875, 7667.466796875, 7560.146484375, 7649.638671875, 0.9888150691986084, 1.010365605354309, 7633.734375, 0.9873335957527161, 0.9296250939369202, 0.9980202317237854, 0.9187763333320618, 1.0447386503219604], "val_loss": 0.7550568580627441, "test_loss": 0.6905171275138855, "_timestamp": 1751371556.034369, "_runtime": 108.12278604507446, "_step": 30, "_wandb": {"runtime": 108}}