{"epoch": 49, "train_loss": [14776.134765625, 14468.5947265625, 0.969577968120575, 14181.482421875, 15046.0859375, 14851.6943359375, 14716.6806640625, 15225.6064453125, 14932.4638671875, 14136.0810546875, 0.9395784735679626, 14323.7001953125, 14814.837890625, 0.9407929182052612, 14435.0087890625, 0.9691762924194336, 0.9694201350212097, 14950.244140625], "val_loss": 0.7418002486228943, "test_loss": 0.6765024662017822, "_timestamp": 1751417019.920776, "_runtime": 187.4990429878235, "_step": 99, "_wandb": {"runtime": 187}}