{"epoch": 37, "train_loss": [15311.71484375, 1.0188974142074585, 14042.6953125, 0.987328827381134, 1.0086108446121216, 15108.5478515625, 14726.912109375, 14851.326171875, 14730.4013671875, 15145.9765625, 15303.8017578125, 0.9995009303092957, 15175.392578125, 14507.671875, 15326.2294921875, 15025.099609375, 14599.0, 15218.9990234375], "val_loss": 0.742868185043335, "test_loss": 0.6784740090370178, "_timestamp": 1751415581.7726557, "_runtime": 162.9521906375885, "_step": 87, "_wandb": {"runtime": 162}}