{"epoch": 9, "train_loss": [7173.24609375, 7203.458984375, 0.9872191548347473, 7062.39599609375, 7440.50341796875, 6827.634765625, 0.9513116478919983, 0.893333375453949, 0.8616625070571899, 6782.0419921875, 7318.8984375, 7227.36572265625, 7450.0205078125, 7167.556640625, 0.9410086870193481, 0.9475696086883545, 6616.5517578125, 7110.4091796875, 0.9639512896537781, 7475.244140625, 7171.66650390625, 7087.33544921875, 7235.2109375, 7269.3525390625, 7199.98291015625, 6669.0126953125, 7279.21728515625, 6789.888671875, 0.9469438195228577, 7197.2626953125, 7272.322265625, 7309.818359375, 7043.3359375, 7118.59228515625, 6968.173828125, 0.9535863995552063], "val_loss": 0.7457919716835022, "test_loss": 0.6765434145927429, "_timestamp": 1751378040.139908, "_runtime": 193.12714219093323, "_step": 59, "_wandb": {"runtime": 192}}